-- phpMyAdmin SQL Dump
-- version 4.7.4
-- https://www.phpmyadmin.net/
--
-- Host: 127.0.0.1
-- Generation Time: Apr 27, 2018 at 03:59 PM
-- Server version: 10.1.28-MariaDB
-- PHP Version: 7.1.11

SET SQL_MODE = "NO_AUTO_VALUE_ON_ZERO";
SET AUTOCOMMIT = 0;
START TRANSACTION;
SET time_zone = "+00:00";


/*!40101 SET @OLD_CHARACTER_SET_CLIENT=@@CHARACTER_SET_CLIENT */;
/*!40101 SET @OLD_CHARACTER_SET_RESULTS=@@CHARACTER_SET_RESULTS */;
/*!40101 SET @OLD_COLLATION_CONNECTION=@@COLLATION_CONNECTION */;
/*!40101 SET NAMES utf8mb4 */;

--
-- Database: `pos_db`
--

-- --------------------------------------------------------

--
-- Table structure for table `barcode`
--

CREATE TABLE `barcode` (
  `id` int(11) NOT NULL,
  `barcode` varchar(45) NOT NULL,
  `status` decimal(10,0) NOT NULL DEFAULT '1',
  `products_id` int(11) NOT NULL,
  `invoice_id` int(11) DEFAULT NULL,
  `user_id` int(11) DEFAULT NULL
) ENGINE=InnoDB DEFAULT CHARSET=utf8;

-- --------------------------------------------------------

--
-- Table structure for table `category`
--

CREATE TABLE `category` (
  `id` int(11) NOT NULL,
  `name` varchar(255) NOT NULL,
  `date` date NOT NULL
) ENGINE=InnoDB DEFAULT CHARSET=utf8;

--
-- Dumping data for table `category`
--

INSERT INTO `category` (`id`, `name`, `date`) VALUES
(1, 'ເຄື່ອງດື່ມ', '2018-03-22'),
(2, 'ເຂົ້າໝົມ', '2018-03-22'),
(3, 'ເຄື່ອງສໍາອາງ', '2018-03-27'),
(4, 'ເຄື່ອງກີນ', '2018-03-22'),
(5, 'ເຄື່ອງໃຊ້', '2018-03-27');

-- --------------------------------------------------------

--
-- Table structure for table `discount`
--

CREATE TABLE `discount` (
  `id` int(11) NOT NULL,
  `discount` int(100) NOT NULL,
  `invoice_id` int(11) NOT NULL
) ENGINE=InnoDB DEFAULT CHARSET=utf8;

--
-- Dumping data for table `discount`
--

INSERT INTO `discount` (`id`, `discount`, `invoice_id`) VALUES
(1, 1000, 21),
(2, 1000, 30),
(3, 1000, 40),
(4, 500, 68),
(5, 500, 69),
(6, 1000, 70),
(7, 500, 74),
(8, 1000, 85),
(9, 1000, 123),
(10, 1000, 130),
(11, 1000, 136),
(12, 1000, 150),
(13, 1000, 157),
(14, 1000, 162),
(15, 1000, 163);

-- --------------------------------------------------------

--
-- Table structure for table `invoice`
--

CREATE TABLE `invoice` (
  `id` int(11) NOT NULL,
  `code` varchar(45) NOT NULL,
  `full_name` varchar(255) DEFAULT NULL,
  `phone` varchar(45) DEFAULT NULL,
  `date` date NOT NULL,
  `user_id` int(11) DEFAULT NULL
) ENGINE=InnoDB DEFAULT CHARSET=utf8;

--
-- Dumping data for table `invoice`
--

INSERT INTO `invoice` (`id`, `code`, `full_name`, `phone`, `date`, `user_id`) VALUES
(20, '00000001', NULL, NULL, '2018-03-22', 5),
(21, '00000002', NULL, NULL, '2018-03-23', 5),
(22, '00000003', NULL, NULL, '2018-03-23', 5),
(23, '00000004', NULL, NULL, '2018-03-23', 6),
(24, '00000005', NULL, NULL, '2018-03-23', 6),
(25, '00000006', NULL, NULL, '2018-03-23', 6),
(26, '00000007', NULL, NULL, '2018-03-23', 6),
(27, '00000008', NULL, NULL, '2018-03-23', 6),
(28, '00000009', NULL, NULL, '2018-03-23', 6),
(29, '00000010', NULL, NULL, '2018-03-23', 6),
(30, '00000011', NULL, NULL, '2018-03-24', 6),
(31, '00000012', NULL, NULL, '2018-03-24', 5),
(32, '00000013', NULL, NULL, '2018-03-24', 5),
(33, '00000014', NULL, NULL, '2018-03-24', 5),
(34, '00000015', NULL, NULL, '2018-03-24', 5),
(35, '00000016', NULL, NULL, '2018-03-24', 6),
(36, '00000017', NULL, NULL, '2018-03-24', 6),
(37, '00000018', NULL, NULL, '2018-03-24', 6),
(38, '00000019', NULL, NULL, '2018-03-24', 5),
(39, '00000020', NULL, NULL, '2018-03-24', 5),
(40, '00000021', NULL, NULL, '2018-03-24', 5),
(41, '00000022', NULL, NULL, '2018-03-24', 5),
(42, '00000023', NULL, NULL, '2018-03-24', 5),
(43, '00000024', NULL, NULL, '2018-03-24', 5),
(44, '00000025', NULL, NULL, '2018-03-24', 5),
(45, '00000026', NULL, NULL, '2018-03-24', 5),
(46, '00000027', NULL, NULL, '2018-03-24', 5),
(47, '00000028', NULL, NULL, '2018-03-24', 5),
(48, '00000029', NULL, NULL, '2018-03-24', 5),
(49, '00000030', NULL, NULL, '2018-03-24', 5),
(50, '00000031', NULL, NULL, '2018-03-24', 5),
(51, '00000032', NULL, NULL, '2018-03-24', 5),
(52, '00000033', NULL, NULL, '2018-03-25', 5),
(53, '00000034', NULL, NULL, '2018-03-25', 5),
(54, '00000035', NULL, NULL, '2018-03-25', 5),
(55, '00000036', NULL, NULL, '2018-03-25', 6),
(56, '00000037', NULL, NULL, '2018-03-25', 6),
(57, '00000038', NULL, NULL, '2018-03-25', 6),
(58, '00000039', NULL, NULL, '2018-03-25', 6),
(59, '00000040', NULL, NULL, '2018-03-25', 5),
(60, '00000041', NULL, NULL, '2018-03-25', 6),
(61, '00000042', NULL, NULL, '2018-03-25', 5),
(62, '00000043', NULL, NULL, '2018-03-25', 6),
(63, '00000044', NULL, NULL, '2018-03-25', 6),
(64, '00000045', NULL, NULL, '2018-03-25', 6),
(65, '00000046', NULL, NULL, '2018-03-25', 6),
(66, '00000047', NULL, NULL, '2018-03-25', 6),
(67, '00000048', NULL, NULL, '2018-03-25', 6),
(68, '00000049', NULL, NULL, '2018-03-25', 5),
(69, '00000050', NULL, NULL, '2018-03-25', 5),
(70, '00000051', NULL, NULL, '2018-03-25', 5),
(71, '00000052', NULL, NULL, '2018-03-25', 6),
(72, '00000053', NULL, NULL, '2018-03-25', 6),
(73, '00000054', NULL, NULL, '2018-03-25', 5),
(74, '00000055', NULL, NULL, '2018-03-25', 5),
(75, '00000056', NULL, NULL, '2018-03-26', 6),
(76, '00000057', NULL, NULL, '2018-03-26', 5),
(77, '00000058', NULL, NULL, '2018-03-26', 5),
(78, '00000059', NULL, NULL, '2018-03-26', 5),
(79, '00000060', NULL, NULL, '2018-03-26', 5),
(80, '00000061', NULL, NULL, '2018-03-26', 5),
(81, '00000062', NULL, NULL, '2018-03-26', 5),
(82, '00000063', NULL, NULL, '2018-03-26', 5),
(83, '00000064', NULL, NULL, '2018-03-26', 5),
(84, '00000065', NULL, NULL, '2018-03-26', 5),
(85, '00000066', NULL, NULL, '2018-03-26', 5),
(86, '00000067', NULL, NULL, '2018-03-26', 5),
(87, '00000068', NULL, NULL, '2018-03-26', 5),
(88, '00000069', NULL, NULL, '2018-03-26', 5),
(89, '00000070', NULL, NULL, '2018-03-26', 5),
(90, '00000071', NULL, NULL, '2018-03-26', 5),
(91, '00000072', NULL, NULL, '2018-03-27', 5),
(92, '00000073', NULL, NULL, '2018-03-27', 5),
(93, '00000074', NULL, NULL, '2018-03-27', 5),
(94, '00000075', NULL, NULL, '2018-03-27', 5),
(95, '00000076', NULL, NULL, '2018-03-27', 5),
(96, '00000077', NULL, NULL, '2018-03-27', 5),
(97, '00000078', NULL, NULL, '2018-03-27', 5),
(98, '00000079', NULL, NULL, '2018-03-27', 5),
(99, '00000080', NULL, NULL, '2018-03-27', 5),
(100, '00000081', NULL, NULL, '2018-03-27', 5),
(101, '00000082', NULL, NULL, '2018-03-27', 5),
(102, '00000083', NULL, NULL, '2018-03-27', 5),
(103, '00000084', NULL, NULL, '2018-03-27', 5),
(104, '00000085', NULL, NULL, '2018-03-27', 5),
(105, '00000086', NULL, NULL, '2018-03-28', 5),
(106, '00000087', NULL, NULL, '2018-03-28', 5),
(107, '00000088', NULL, NULL, '2018-03-28', 5),
(108, '00000089', NULL, NULL, '2018-03-28', 5),
(109, '00000090', NULL, NULL, '2018-03-28', 5),
(110, '00000091', NULL, NULL, '2018-03-28', 5),
(111, '00000092', NULL, NULL, '2018-03-28', 5),
(112, '00000093', NULL, NULL, '2018-03-28', 5),
(113, '00000094', NULL, NULL, '2018-03-28', 5),
(114, '00000095', NULL, NULL, '2018-03-28', 5),
(115, '00000096', NULL, NULL, '2018-03-28', 5),
(116, '00000097', NULL, NULL, '2018-03-28', 5),
(117, '00000098', NULL, NULL, '2018-03-28', 5),
(118, '00000099', NULL, NULL, '2018-03-28', 5),
(119, '00000100', NULL, NULL, '2018-03-28', 5),
(120, '00000101', NULL, NULL, '2018-03-28', 5),
(121, '00000102', NULL, NULL, '2018-03-28', 5),
(122, '00000103', NULL, NULL, '2018-03-28', 5),
(123, '00000104', NULL, NULL, '2018-03-28', 5),
(124, '00000105', NULL, NULL, '2018-03-28', 5),
(125, '00000106', NULL, NULL, '2018-03-28', 5),
(126, '00000107', NULL, NULL, '2018-03-28', 5),
(127, '00000108', NULL, NULL, '2018-03-28', 5),
(128, '00000109', NULL, NULL, '2018-03-28', 5),
(129, '00000110', NULL, NULL, '2018-03-29', 5),
(130, '00000111', NULL, NULL, '2018-03-29', 5),
(131, '00000112', NULL, NULL, '2018-03-29', 5),
(132, '00000113', NULL, NULL, '2018-03-29', 5),
(133, '00000114', NULL, NULL, '2018-03-29', 5),
(134, '00000115', NULL, NULL, '2018-03-29', 5),
(135, '00000116', NULL, NULL, '2018-03-29', 5),
(136, '00000117', NULL, NULL, '2018-03-29', 5),
(137, '00000118', NULL, NULL, '2018-03-29', 5),
(138, '00000119', NULL, NULL, '2018-03-29', 5),
(139, '00000120', NULL, NULL, '2018-03-29', 5),
(140, '00000121', NULL, NULL, '2018-03-29', 6),
(141, '00000122', NULL, NULL, '2018-03-29', 6),
(142, '00000123', NULL, NULL, '2018-03-29', 6),
(143, '00000124', NULL, NULL, '2018-03-29', 6),
(144, '00000125', NULL, NULL, '2018-03-29', 6),
(145, '00000126', NULL, NULL, '2018-03-29', 5),
(146, '00000127', NULL, NULL, '2018-03-29', 5),
(147, '00000128', NULL, NULL, '2018-03-29', 5),
(148, '00000129', NULL, NULL, '2018-03-29', 5),
(149, '00000130', NULL, NULL, '2018-03-29', 5),
(150, '00000131', NULL, NULL, '2018-03-30', 6),
(151, '00000132', NULL, NULL, '2018-03-30', 5),
(152, '00000133', NULL, NULL, '2018-03-30', 5),
(153, '00000134', NULL, NULL, '2018-03-30', 5),
(154, '00000135', NULL, NULL, '2018-03-30', 5),
(155, '00000136', NULL, NULL, '2018-03-30', 5),
(156, '00000137', NULL, NULL, '2018-03-30', 5),
(157, '00000138', NULL, NULL, '2018-03-30', 5),
(158, '00000139', NULL, NULL, '2018-03-30', 5),
(159, '00000140', NULL, NULL, '2018-03-30', 5),
(160, '00000141', NULL, NULL, '2018-03-30', 5),
(161, '00000142', NULL, NULL, '2018-03-30', 5),
(162, '00000143', NULL, NULL, '2018-03-30', 5),
(163, '00000144', NULL, NULL, '2018-03-30', 5),
(164, '00000145', NULL, NULL, '2018-03-30', 5),
(165, '00000146', NULL, NULL, '2018-03-30', 5),
(166, '00000147', NULL, NULL, '2018-03-30', 5),
(167, '00000148', NULL, NULL, '2018-03-30', 5),
(168, '00000149', NULL, NULL, '2018-03-30', 5),
(169, '00000150', NULL, NULL, '2018-03-30', 5),
(170, '00000151', NULL, NULL, '2018-03-30', 5),
(171, '00000152', NULL, NULL, '2018-03-31', 5),
(172, '00000153', NULL, NULL, '2018-04-27', 6);

-- --------------------------------------------------------

--
-- Table structure for table `products`
--

CREATE TABLE `products` (
  `id` int(11) NOT NULL,
  `name` varchar(255) NOT NULL,
  `qautity` int(11) NOT NULL,
  `date` date DEFAULT NULL,
  `pricesale` varchar(40) NOT NULL,
  `pricebuy` varchar(40) NOT NULL,
  `image` varchar(45) DEFAULT NULL,
  `category_id` int(11) NOT NULL,
  `user_id` int(11) NOT NULL,
  `status` int(1) NOT NULL DEFAULT '1'
) ENGINE=InnoDB DEFAULT CHARSET=utf8;

--
-- Dumping data for table `products`
--

INSERT INTO `products` (`id`, `name`, `qautity`, `date`, `pricesale`, `pricebuy`, `image`, `category_id`, `user_id`, `status`) VALUES
(18, 'ຢາສະຜົມຄິນິກ', 226, '2018-03-23', '500', '350', '2018032307034019.jpg', 3, 5, 1),
(19, 'ຢາສະຜົມຊັນເຊ້ວ', 228, '2018-03-23', '500', '316', '2018032307031318.jpg', 3, 5, 1),
(20, 'ຢາສະຜົມ head', 119, '2018-03-27', '500', '366', '2018032711033545.jpg', 3, 5, 1),
(21, 'ສະບູກ້ອນລັກ', 22, '2018-03-27', '2000', '1500', '2018032711035611.jpg', 3, 5, 1),
(22, 'ສະບູກ້ອນນົກແກ້ວ', 22, '2018-03-27', '2000', '1500', '2018032711032112.jpg', 3, 5, 1),
(23, 'ສະບູອີຊີໃຫຍ່', 9, '2018-03-23', '8000', '6000', '2018032311032121.jpg', 3, 5, 1),
(24, 'ສະບູອີຊີນ້ອຍ', 22, '2018-03-23', '3000', '2166', '2018032311032620.jpg', 3, 5, 1),
(25, 'ຢາສີຟັນໃຫ່ຍ', 6, '2018-03-24', '11000', '9166', '2018032307034436.jpg', 3, 5, 1),
(26, 'ຢາສີຟັນນ້ອຍ', 11, '2018-03-23', '3000', '2333', '2018032307033037.jpg', 3, 5, 1),
(27, 'ເກືອໃຫຍ່', 10, '2018-03-23', '4000', '3200', '2018032311034318.jpg', 4, 5, 1),
(28, 'ເກືອນ້ອຍ', 10, '2018-03-23', '3000', '1600', '2018032311035717.jpg', 4, 5, 1),
(29, 'ຄານໍ', 28, '2018-03-27', '1000', '766', '2018032719030426.jpg', 4, 5, 1),
(30, 'ຣົດດີ', 19, '2018-03-27', '1000', '850', '2018032719032726.jpg', 4, 5, 1),
(31, 'ນໍ້າຕານ', 9, '2018-03-23', '8000', '5700', '2018032311031315.jpg', 4, 5, 1),
(32, 'ກະປິ', 12, '2018-03-23', '3000', '2083', '2018032308034531.jpg', 4, 5, 1),
(33, 'ເຫຼຼົ້າ', 10, '2018-03-23', '6000', '4700', '2018032311031114.jpg', 1, 5, 1),
(34, 'M150', 20, '2018-03-23', '3000', '2300', '2018032307033448.jpg', 1, 5, 1),
(35, 'ໂອອີຊິ', 24, '2018-03-23', '6000', '3500', '2018032308033013.jpg', 1, 5, 1),
(36, 'ດີໂດ້', 89, '2018-03-23', '1000', '666', '2018032308033107.jpg', 1, 5, 1),
(37, 'ນໍ້າໝາກເພົ້າຟີກ', 24, '2018-03-27', '5000', '3500', '2018032711035943.jpg', 4, 5, 1),
(38, 'ນໍ້າໝາກເພົ້າເມຈິກ', 23, '2018-03-27', '4000', '2500', '2018032711031343.jpg', 4, 5, 1),
(39, 'ເຂົ້າໝົມ 5 ບາດ', 60, '2018-03-27', '2000', '1250', '2018032719032638.jpg', 2, 5, 1),
(40, 'ນົມດັດຊີເມວ', 11, '2018-03-27', '3000', '2125', '2018032708033926.jpg', 1, 5, 1),
(41, 'ນົມງົວກາງ', 6, '2018-03-23', '3000', '2666', '2018032308030504.jpg', 1, 5, 1),
(42, 'ເປບຊີກາງ', 11, '2018-03-23', '8000', '6666', '2018032307032243.jpg', 1, 5, 1),
(43, 'ເປບຊີນ້ອຍ', 23, '2018-03-23', '5000', '3083', '2018032307031941.jpg', 1, 5, 1),
(44, 'ເຂົ້າໝົມ 2 ບາດ', 144, '2018-03-25', '500', '416', '2018032311031911.jpg', 1, 5, 1),
(45, 'ໝີ່ໄວໆ', 19, '2018-03-23', '2000', '1200', '2018032308032635.jpg', 4, 5, 1),
(46, 'ຈຳໂບ້', 44, '2018-03-23', '2000', '1200', '2018032308035138.jpg', 4, 5, 1),
(47, 'ລ້ອນໃຫຍ່', 19, '2018-03-27', '3000', '2300', '2018032711032113.jpg', 4, 5, 1),
(48, 'ລ້ອນນ້ອຍ', 20, '2018-03-27', '2000', '1300', '2018032711035612.jpg', 4, 5, 1),
(49, 'ຕານ່າງລ້າງຈານ', 22, '2018-03-23', '1000', '750', '2018032311032612.jpg', 3, 5, 1),
(50, 'ສະລາຍລາວ', 11, '2018-03-23', '5000', '4166', '2018032307032020.jpg', 3, 5, 1),
(51, 'ສະລາຍລາຍປອນໃຫຍ່', 5, '2018-03-27', '11000', '9000', '2018032711031311.jpg', 3, 5, 1),
(52, 'ສະລາຍລາຍປອນນ້ອຍ', 11, '2018-03-27', '3000', '2166', '2018032711034710.jpg', 3, 5, 1),
(53, 'ຖ່ານ', 10, '2018-03-23', '5000', '3500', '2018032311034106.jpg', 3, 5, 1),
(54, 'ກັບໄຟ', 48, '2018-03-27', '2000', '1000', '2018032711030346.jpg', 3, 5, 1),
(55, 'ໂຢເກີດ', 12, '2018-03-23', '5000', '3750', '2018032308033721.jpg', 4, 5, 1),
(56, 'ປອງປາສາມແມ່ຄົວ', 15, '2018-03-27', '5000', '4300', '2018032711030842.jpg', 4, 5, 1),
(57, 'ສະປອນເຊີ', 12, '2018-03-28', '5000', '2750', '2018032308033218.png', 1, 5, 1),
(58, 'ປີໂປ້', 120, '2018-03-23', '500', '250', '2018032311032905.jpg', 2, 5, 1),
(59, 'ກາໂຕະ', 12, '2018-03-27', '4000', '2166', '2018032719035326.jpg', 1, 5, 1),
(60, 'ໄວຕາມິ້ວ', 5, '2018-03-27', '5000', '3333', '2018032719032133.jpg', 1, 5, 1),
(61, 'ເລັກຕາຊອຍນ້ອຍ', 6, '2018-03-23', '2000', '1333', '2018032307030656.jpg', 1, 5, 1),
(62, 'ນົມງົວນ້ອຍ', 20, '2018-03-23', '2000', '1833', '2018032308034303.jpg', 1, 5, 1),
(63, 'ນົມງົວໃຫຍ່', 4, '2018-03-23', '4000', '3000', '2018032308031702.jpg', 1, 5, 1),
(64, 'ໂຊຟີກາງຄືນ', 12, '2018-03-23', '50', '30', '2018032311032901.jpg', 3, 5, 0),
(65, 'ໂຊຟີກາງເວັນ', 11, '2018-03-23', '30', '20', '2018032311031500.jpg', 3, 5, 0),
(66, 'ຄອນຟອດປັບຜ້ານຸ້ມ', 86, '2018-03-27', '1000', '541', '2018032711034844.jpg', 3, 5, 1),
(67, 'ກະທິ', 6, '2018-03-27', '8000', '5500', '2018032711032847.jpg', 4, 5, 1),
(68, 'ຟັນໂອ', 21, '2018-03-23', '2000', '1166', '2018032310030953.jpg', 2, 5, 1),
(69, 'ໄມ້ຖູແຂ້ວ', 12, '2018-03-23', '3000', '1714', '2018032310030252.jpg', 3, 5, 1),
(70, 'ໄອເດຍລີ', 12, '2018-03-23', '1000', '708', '2018032310034750.jpg', 2, 5, 1),
(71, 'ນໍ້າສົ້ມ', 5, '2018-03-23', '4000', '2333', '2018032308034709.jpg', 1, 5, 1),
(72, 'ເຜືອກ', 30, '2018-03-23', '10', '3', '2018032310034949.jpg', 2, 5, 0),
(73, 'ບັງຍາວ', 25, '2018-03-23', '1000', '750', '2018032307034429.jpg', 2, 5, 1),
(74, 'ເຂັມສິດ', 26, '2018-03-23', '1000', '666', '2018032310035348.jpg', 2, 5, 1),
(75, 'ອົມຍີ້ມ', 80, '2018-03-23', '500', '220', '2018032310030148.jpg', 2, 5, 1),
(76, 'ປືນນ້ອຍ', 18, '2018-03-23', '1000', '550', '2018032310035246.jpg', 2, 5, 1),
(77, 'ເມັດຢາສັ້ນ', 43, '2018-03-28', '1000', '550', '2018032310035545.jpg', 2, 5, 1),
(78, 'ປືນໃຫຍ່', 10, '2018-03-23', '3000', '1666', '2018032310030645.jpg', 2, 5, 1),
(79, 'ວຸ້ນຈອກ', 5, '2018-03-23', '1000', '800', '2018032310031844.jpg', 2, 5, 1),
(80, 'ເມັດຢາຍາວ', 30, '2018-03-23', '1000', '600', '2018032310030443.jpg', 2, 5, 1),
(81, 'ນໍ້າດື່ມ 20 ລິດ', 5, '2018-03-24', '4000', '3000', '2018032410033712.jpg', 1, 5, 1),
(82, 'ບັດຫລັກ 5', 12, '2018-03-23', '5000', '4650', '2018032323034530.jpg', 3, 5, 1),
(83, 'ບັດ Unitel', 16, '2018-03-23', '5000', '4650', '2018032323031933.jpg', 3, 5, 1),
(84, 'ບັດ Unitel', 9, '2018-03-23', '10000', '9300', '2018032323035037.jpg', 4, 5, 1),
(85, 'ໄຂ່', 254, '2018-03-28', '1000', '800', '2018032808030954.jpg', 4, 5, 1),
(86, 'ໄຂ່', 300, '2018-03-24', '10', '2400', '2018032401035821.jpg', 4, 5, 0),
(87, 'ນໍ້າຕານນ້ອຍ', 20, '2018-03-24', '1000', '259', '2018032401032831.jpg', 4, 5, 1),
(88, 'ເບຍລັງ', 38, '2018-03-24', '10000', '7583', '2018032408035622.jpg', 1, 5, 1),
(89, 'ນໍ້າດືມ', 6, '2018-03-24', '50', '31', '2018032408030928.jpg', 1, 5, 0),
(90, 'ບັດຫັກ 5', 8, '2018-03-30', '10000', '9300', '2018032408033437.jpg', 3, 5, 1),
(91, 'ນົມສົ້ມ', 15, '2018-03-24', '1000', '730', '2018032409031146.jpg', 4, 5, 1),
(92, 'ອາຫານໄກ່', 14, '2018-03-24', '7000', '6533', '2018032409034844.jpg', 3, 5, 1),
(93, 'tesu', 10, '2018-03-24', '20', '14', '2018032409033249.jpg', 3, 5, 0),
(94, 'ເຂົ້າຈີ', 7, '2018-03-25', '2000', '1333', '2018032502031933.jpg', 2, 5, 1),
(95, 'ເກືອໄທນ້ອຍ', 6, '2018-03-28', '4000', '4000', '2018032711030147.jpg', 4, 5, 1),
(96, 'Rejoice', 39, '2018-03-27', '500', '316', '2018032711031345.jpg', 3, 5, 1),
(97, 'ວຸ້ນໝາກເພົ້າ', 13, '2018-03-28', '500', '250', '2018032504035833.jpg', 4, 5, 1),
(98, 'ວຸ້ນໝາກເພົ້າ', 20, '2018-03-25', '5', '2', '2018032504035334.jpg', 4, 5, 0),
(99, 'ພິກໄທ', 66, '2018-03-27', '1000', '606', '2018032707035143.jpg', 4, 5, 1),
(100, 'ແປ້ງນົວ', 23, '2018-03-27', '1000', '458', '2018032707033343.jpg', 4, 5, 1),
(101, 'ທຽນໄຂ', 10, '2018-03-27', '5000', '3000', '2018032707031343.jpg', 3, 5, 1),
(102, 'ເກືອໄທໃຫຍ່', 10, '2018-03-27', '5000', '4000', '2018032711033846.jpg', 4, 5, 1),
(103, 'ເຈ້ຍເງີນເຈ້ຍຄໍາ', 44, '2018-03-27', '3000', '1800', '2018032707033342.jpg', 3, 5, 1),
(104, 'ແມັກກີ່', 4, '2018-03-27', '10000', '7500', '2018032710031856.jpg', 4, 5, 1),
(105, 'ນໍ້າປາ', 5, '2018-03-27', '5000', '4000', '2018032711035113.jpg', 4, 5, 1),
(106, 'ປານ້ອຍ', 12, '2018-03-27', '500', '320', '2018032710034038.jpg', 4, 5, 1),
(107, 'ໄດໂນເສົາ', 14, '2018-03-27', '1000', '640', '2018032710034939.jpg', 4, 5, 1),
(108, 'ເຂົ້າໝົມຢາສູບ', 34, '2018-03-27', '500', '320', '2018032710030041.jpg', 4, 5, 1),
(109, 'ເຕົ່າ', 10, '2018-03-27', '1000', '700', '2018032710032942.jpg', 4, 5, 1),
(110, 'ຫົວທຽນ', 22, '2018-03-27', '1000', '434', '2018032710032345.jpg', 4, 5, 1),
(111, 'ໄມ້ຖູ', 20, '2018-03-27', '6000', '4250', '2018032710031150.jpg', 3, 5, 1),
(112, 'ນໍ້າມັນນ້ອຍ', 6, '2018-03-27', '5000', '2666', '2018032710031455.jpg', 4, 5, 1),
(113, 'ເລັກຕາຊອຍໃຫຍ່', 4, '2018-03-27', '3000', '2166', '2018032711032650.jpg', 4, 5, 1),
(114, 'ທີສູ່', 9, '2018-03-27', '2000', '1400', '2018032713035710.jpg', 3, 5, 1),
(115, 'ຫົວເສືອ', 7, '2018-03-27', '5000', '3166', '2018032719034828.jpg', 4, 5, 1),
(116, 'ໂຊຟີກາງຄືນ', 12, '2018-03-27', '5000', '3000', '2018032719033236.jpg', 3, 5, 1),
(117, 'ໂຊຟີກາງເວັນ', 7, '2018-03-27', '3000', '2000', '2018032719035637.jpg', 3, 5, 1),
(118, 'ນົມຂຸ້ນຫວານ', 10, '2018-03-29', '6000', '4800', '2018032909031545.jpg', 4, 5, 1),
(119, 'ຊອດຫອຍ', 12, '2018-03-29', '6000', '4750', '2018032909032746.jpg', 4, 5, 1),
(120, 'ຢາສູບ', 7, '2018-03-29', '8000', '6800', '2018032909033953.jpg', 5, 5, 1);

-- --------------------------------------------------------

--
-- Table structure for table `sale`
--

CREATE TABLE `sale` (
  `id` int(11) NOT NULL,
  `date` date NOT NULL,
  `products_id` int(11) NOT NULL,
  `qautity` int(11) NOT NULL,
  `user_id` int(11) NOT NULL,
  `invoice_id` int(11) NOT NULL,
  `price` int(11) NOT NULL,
  `profit_price` int(11) NOT NULL DEFAULT '0'
) ENGINE=InnoDB DEFAULT CHARSET=utf8;

--
-- Dumping data for table `sale`
--

INSERT INTO `sale` (`id`, `date`, `products_id`, `qautity`, `user_id`, `invoice_id`, `price`, `profit_price`) VALUES
(1, '2018-03-22', 73, 1, 5, 20, 1000, 250),
(2, '2018-03-22', 22, 1, 5, 20, 2000, 500),
(3, '2018-03-22', 18, 2, 5, 20, 1000, 300),
(4, '2018-03-22', 56, 2, 5, 20, 10000, 1400),
(5, '2018-03-22', 74, 2, 5, 20, 2000, 668),
(6, '2018-03-22', 39, 1, 5, 20, 2000, 750),
(7, '2018-03-23', 41, 2, 5, 21, 6000, 668),
(8, '2018-03-23', 73, 4, 5, 21, 4000, 1000),
(9, '2018-03-23', 77, 2, 5, 21, 2000, 200),
(10, '2018-03-23', 39, 1, 5, 21, 2000, 750),
(11, '2018-03-23', 68, 3, 5, 21, 6000, 2502),
(12, '2018-03-23', 56, 2, 5, 21, 10000, 1400),
(13, '2018-03-23', 75, 4, 5, 21, 2000, 1120),
(14, '2018-03-23', 36, 1, 5, 21, 1000, 334),
(15, '2018-03-23', 54, 1, 5, 21, 2000, 1000),
(16, '2018-03-23', 45, 1, 5, 21, 2000, 800),
(17, '2018-03-23', 46, 3, 5, 21, 6000, 2400),
(18, '2018-03-23', 51, 1, 5, 21, 11000, 2000),
(19, '2018-03-23', 49, 1, 5, 21, 1000, 250),
(20, '2018-03-23', 44, 2, 5, 21, 1000, 168),
(21, '2018-03-23', 49, 1, 5, 22, 1000, 250),
(22, '2018-03-23', 31, 1, 5, 22, 8000, 2300),
(23, '2018-03-23', 44, 1, 6, 23, 500, 84),
(24, '2018-03-23', 77, 1, 6, 24, 1000, 100),
(25, '2018-03-23', 77, 1, 6, 25, 1000, 100),
(26, '2018-03-23', 19, 2, 6, 26, 1000, 368),
(27, '2018-03-23', 77, 1, 6, 27, 1000, 100),
(28, '2018-03-23', 77, 1, 6, 28, 1000, 100),
(29, '2018-03-23', 73, 1, 6, 29, 1000, 250),
(30, '2018-03-24', 46, 3, 6, 30, 6000, 2400),
(31, '2018-03-24', 19, 1, 5, 31, 500, 184),
(32, '2018-03-24', 79, 3, 5, 32, 3000, 600),
(33, '2018-03-24', 44, 2, 5, 33, 1000, 168),
(34, '2018-03-24', 83, 1, 5, 34, 5000, 350),
(35, '2018-03-24', 75, 1, 6, 35, 500, 280),
(36, '2018-03-24', 82, 2, 6, 35, 10000, 700),
(37, '2018-03-24', 84, 1, 6, 35, 10000, 700),
(38, '2018-03-24', 77, 1, 6, 35, 1000, 100),
(39, '2018-03-24', 29, 1, 6, 35, 1000, 234),
(40, '2018-03-24', 36, 2, 6, 35, 2000, 668),
(41, '2018-03-24', 24, 1, 6, 35, 3000, 834),
(42, '2018-03-24', 66, 4, 6, 35, 4000, 1836),
(43, '2018-03-24', 40, 1, 6, 36, 3000, 875),
(44, '2018-03-24', 70, 2, 6, 37, 2000, 584),
(45, '2018-03-24', 46, 0, 5, 38, 0, 0),
(46, '2018-03-24', 45, 1, 5, 39, 2000, 800),
(47, '2018-03-24', 23, 1, 5, 40, 8000, 2000),
(48, '2018-03-24', 76, 1, 5, 41, 1000, 450),
(49, '2018-03-24', 44, 2, 5, 41, 1000, 168),
(50, '2018-03-24', 40, 1, 5, 42, 3000, 875),
(51, '2018-03-24', 62, 1, 5, 42, 2000, 167),
(52, '2018-03-24', 75, 1, 5, 42, 500, 280),
(53, '2018-03-24', 36, 4, 5, 43, 4000, 1336),
(54, '2018-03-24', 70, 3, 5, 44, 3000, 876),
(55, '2018-03-24', 66, 2, 5, 44, 2000, 918),
(56, '2018-03-24', 83, 2, 5, 44, 10000, 700),
(57, '2018-03-24', 44, 2, 5, 45, 1000, 168),
(58, '2018-03-24', 75, 2, 5, 46, 1000, 560),
(59, '2018-03-24', 18, 1, 5, 47, 500, 150),
(60, '2018-03-24', 19, 1, 5, 47, 500, 184),
(61, '2018-03-24', 91, 0, 5, 48, 0, 0),
(62, '2018-03-24', 73, 1, 5, 48, 1000, 250),
(63, '2018-03-24', 75, 3, 5, 48, 1500, 840),
(64, '2018-03-24', 91, 1, 5, 49, 1000, 270),
(65, '2018-03-24', 65, 1, 5, 50, 3000, 1000),
(66, '2018-03-24', 82, 2, 5, 51, 10000, 700),
(67, '2018-03-24', 41, 1, 5, 51, 3000, 334),
(68, '2018-03-24', 70, 1, 5, 51, 1000, 292),
(69, '2018-03-24', 91, 4, 5, 51, 4000, 1080),
(70, '2018-03-24', 83, 2, 5, 51, 10000, 700),
(71, '2018-03-24', 36, 1, 5, 51, 1000, 334),
(72, '2018-03-24', 85, 6, 5, 51, 6000, 1200),
(73, '2018-03-24', 46, 1, 5, 51, 2000, 800),
(74, '2018-03-25', 39, 1, 5, 52, 2000, 750),
(75, '2018-03-25', 90, 1, 5, 52, 10000, 700),
(76, '2018-03-25', 73, 1, 5, 53, 1000, 250),
(77, '2018-03-25', 62, 1, 5, 54, 2000, 167),
(78, '2018-03-25', 19, 2, 6, 55, 1000, 368),
(79, '2018-03-25', 82, 1, 6, 55, 5000, 350),
(80, '2018-03-25', 62, 1, 6, 56, 2000, 167),
(81, '2018-03-25', 82, 1, 6, 57, 5000, 350),
(82, '2018-03-25', 94, 3, 6, 58, 6000, 2001),
(83, '2018-03-25', 91, 1, 5, 59, 1000, 270),
(84, '2018-03-25', 18, 1, 5, 59, 500, 150),
(85, '2018-03-25', 19, 1, 5, 59, 500, 184),
(86, '2018-03-25', 90, 1, 6, 60, 10000, 700),
(87, '2018-03-25', 38, 1, 6, 60, 4000, 1500),
(88, '2018-03-25', 90, 1, 5, 61, 10000, 700),
(89, '2018-03-25', 85, 10, 6, 62, 10000, 2000),
(90, '2018-03-25', 42, 1, 6, 63, 8000, 1334),
(91, '2018-03-25', 91, 1, 6, 64, 1000, 270),
(92, '2018-03-25', 73, 1, 6, 64, 1000, 250),
(93, '2018-03-25', 36, 1, 6, 65, 1000, 334),
(94, '2018-03-25', 36, 2, 6, 66, 2000, 668),
(95, '2018-03-25', 90, 1, 6, 66, 10000, 700),
(96, '2018-03-25', 77, 1, 6, 67, 1000, 100),
(97, '2018-03-25', 91, 1, 6, 67, 1000, 270),
(98, '2018-03-25', 18, 6, 5, 68, 3000, 900),
(99, '2018-03-25', 96, 0, 5, 69, 0, 0),
(100, '2018-03-25', 95, 1, 5, 70, 5000, 1000),
(101, '2018-03-25', 96, 2, 6, 71, 1000, 368),
(102, '2018-03-25', 85, 2, 6, 72, 2000, 400),
(103, '2018-03-25', 96, 0, 5, 73, 0, 0),
(104, '2018-03-25', 96, 6, 5, 74, 3000, 1104),
(105, '2018-03-26', 69, 1, 6, 75, 3000, 1286),
(106, '2018-03-26', 39, 1, 6, 75, 2000, 750),
(107, '2018-03-26', 77, 3, 6, 75, 3000, 300),
(108, '2018-03-26', 41, 1, 6, 75, 3000, 334),
(109, '2018-03-26', 18, 0, 6, 75, 0, 0),
(110, '2018-03-26', 82, 1, 5, 76, 5000, 350),
(111, '2018-03-26', 36, 2, 5, 77, 2000, 668),
(112, '2018-03-26', 39, 2, 5, 77, 4000, 1500),
(113, '2018-03-26', 73, 1, 5, 78, 1000, 250),
(114, '2018-03-26', 70, 2, 5, 79, 2000, 584),
(115, '2018-03-26', 87, 1, 5, 80, 1000, 741),
(116, '2018-03-26', 52, 1, 5, 81, 3000, 834),
(117, '2018-03-26', 84, 1, 5, 82, 10000, 700),
(118, '2018-03-26', 73, 1, 5, 83, 1000, 250),
(119, '2018-03-26', 92, 1, 5, 84, 7000, 467),
(120, '2018-03-26', 77, 1, 5, 84, 1000, 100),
(121, '2018-03-26', 70, 1, 5, 85, 1000, 292),
(122, '2018-03-26', 76, 1, 5, 85, 1000, 450),
(123, '2018-03-26', 96, 12, 5, 85, 6000, 2208),
(124, '2018-03-26', 94, 1, 5, 86, 2000, 667),
(125, '2018-03-26', 74, 2, 5, 86, 2000, 668),
(126, '2018-03-26', 90, 1, 5, 86, 10000, 700),
(127, '2018-03-26', 90, 1, 5, 87, 10000, 700),
(128, '2018-03-26', 23, 1, 5, 87, 8000, 2000),
(129, '2018-03-26', 30, 1, 5, 88, 1000, 150),
(130, '2018-03-26', 26, 1, 5, 89, 3000, 667),
(131, '2018-03-26', 69, 1, 5, 89, 3000, 1286),
(132, '2018-03-26', 85, 0, 5, 90, 0, 0),
(133, '2018-03-27', 85, 2, 5, 91, 2000, 400),
(134, '2018-03-27', 54, 1, 5, 92, 2000, 1000),
(135, '2018-03-27', 73, 1, 5, 93, 1000, 250),
(136, '2018-03-27', 40, 1, 5, 93, 3000, 875),
(137, '2018-03-27', 75, 2, 5, 93, 1000, 560),
(138, '2018-03-27', 77, 4, 5, 93, 4000, 1600),
(139, '2018-03-27', 104, 1, 5, 94, 10000, 2500),
(140, '2018-03-27', 90, 1, 5, 95, 10000, 700),
(141, '2018-03-27', 94, 1, 5, 96, 2000, 667),
(142, '2018-03-27', 82, 1, 5, 96, 5000, 350),
(143, '2018-03-27', 107, 1, 5, 96, 1000, 360),
(144, '2018-03-27', 114, 1, 5, 97, 2000, 600),
(145, '2018-03-27', 75, 1, 5, 98, 500, 280),
(146, '2018-03-27', 75, 1, 5, 99, 500, 280),
(147, '2018-03-27', 36, 1, 5, 99, 1000, 334),
(148, '2018-03-27', 41, 1, 5, 100, 3000, 334),
(149, '2018-03-27', 84, 1, 5, 101, 10000, 700),
(150, '2018-03-27', 104, 1, 5, 102, 10000, 2500),
(151, '2018-03-27', 70, 1, 5, 103, 1000, 292),
(152, '2018-03-27', 91, 1, 5, 103, 1000, 270),
(153, '2018-03-27', 90, 1, 5, 103, 10000, 700),
(154, '2018-03-27', 82, 1, 5, 103, 5000, 350),
(155, '2018-03-27', 96, 1, 5, 104, 500, 184),
(156, '2018-03-27', 18, 1, 5, 104, 500, 150),
(157, '2018-03-28', 90, 1, 5, 105, 10000, 700),
(158, '2018-03-28', 66, 1, 5, 106, 1000, 459),
(159, '2018-03-28', 94, 1, 5, 107, 2000, 667),
(160, '2018-03-28', 39, 1, 5, 108, 2000, 750),
(161, '2018-03-28', 75, 1, 5, 108, 500, 280),
(162, '2018-03-28', 62, 1, 5, 108, 2000, 167),
(163, '2018-03-28', 41, 1, 5, 108, 3000, 334),
(164, '2018-03-28', 106, 1, 5, 108, 500, 180),
(165, '2018-03-28', 107, 3, 5, 108, 3000, 1080),
(166, '2018-03-28', 56, 1, 5, 109, 5000, 700),
(167, '2018-03-28', 97, 1, 5, 110, 500, 250),
(168, '2018-03-28', 24, 1, 5, 111, 3000, 834),
(169, '2018-03-28', 66, 2, 5, 111, 2000, 918),
(170, '2018-03-28', 85, 5, 5, 112, 5000, 1000),
(171, '2018-03-28', 94, 1, 5, 113, 2000, 667),
(172, '2018-03-28', 36, 2, 5, 113, 2000, 668),
(173, '2018-03-28', 90, 1, 5, 113, 10000, 700),
(174, '2018-03-28', 83, 1, 5, 114, 5000, 350),
(175, '2018-03-28', 97, 1, 5, 115, 500, 250),
(176, '2018-03-28', 97, 1, 5, 116, 500, 250),
(177, '2018-03-28', 106, 1, 5, 116, 500, 180),
(178, '2018-03-28', 71, 1, 5, 117, 4000, 1667),
(179, '2018-03-28', 43, 1, 5, 117, 5000, 1917),
(180, '2018-03-28', 36, 1, 5, 118, 1000, 334),
(181, '2018-03-28', 79, 2, 5, 119, 2000, 400),
(182, '2018-03-28', 108, 2, 5, 120, 1000, 360),
(183, '2018-03-28', 36, 2, 5, 120, 2000, 668),
(184, '2018-03-28', 103, 3, 5, 120, 9000, 3600),
(185, '2018-03-28', 91, 2, 5, 121, 2000, 540),
(186, '2018-03-28', 66, 1, 5, 122, 1000, 459),
(187, '2018-03-28', 82, 1, 5, 123, 5000, 350),
(188, '2018-03-28', 45, 1, 5, 123, 2000, 800),
(189, '2018-03-28', 46, 2, 5, 123, 4000, 1600),
(190, '2018-03-28', 91, 1, 5, 124, 1000, 270),
(191, '2018-03-28', 97, 0, 5, 125, 0, 0),
(192, '2018-03-28', 39, 1, 5, 126, 2000, 750),
(193, '2018-03-28', 62, 1, 5, 127, 2000, 167),
(194, '2018-03-28', 18, 2, 5, 128, 1000, 300),
(195, '2018-03-29', 84, 1, 5, 129, 10000, 700),
(196, '2018-03-29', 85, 10, 5, 129, 10000, 2000),
(197, '2018-03-29', 90, 1, 5, 130, 10000, 700),
(198, '2018-03-29', 46, 2, 5, 130, 4000, 1600),
(199, '2018-03-29', 45, 1, 5, 130, 2000, 800),
(200, '2018-03-29', 107, 1, 5, 131, 1000, 360),
(201, '2018-03-29', 40, 1, 5, 131, 3000, 875),
(202, '2018-03-29', 39, 1, 5, 131, 2000, 750),
(203, '2018-03-29', 77, 1, 5, 131, 1000, 450),
(204, '2018-03-29', 108, 3, 5, 131, 1500, 540),
(205, '2018-03-29', 75, 1, 5, 132, 500, 280),
(206, '2018-03-29', 108, 1, 5, 133, 500, 180),
(207, '2018-03-29', 75, 1, 5, 133, 500, 280),
(208, '2018-03-29', 97, 2, 5, 133, 1000, 500),
(209, '2018-03-29', 36, 1, 5, 133, 1000, 334),
(210, '2018-03-29', 94, 1, 5, 134, 2000, 667),
(211, '2018-03-29', 73, 1, 5, 134, 1000, 250),
(212, '2018-03-29', 75, 2, 5, 134, 1000, 560),
(213, '2018-03-29', 97, 1, 5, 134, 500, 250),
(214, '2018-03-29', 103, 3, 5, 135, 9000, 3600),
(215, '2018-03-29', 36, 1, 5, 135, 1000, 334),
(216, '2018-03-29', 46, 1, 5, 136, 2000, 800),
(217, '2018-03-29', 45, 2, 5, 136, 4000, 1600),
(218, '2018-03-29', 94, 1, 5, 137, 2000, 667),
(219, '2018-03-29', 48, 0, 5, 138, 0, 0),
(220, '2018-03-29', 36, 1, 5, 139, 1000, 334),
(221, '2018-03-29', 85, 2, 6, 140, 2000, 400),
(222, '2018-03-29', 83, 1, 6, 141, 5000, 350),
(223, '2018-03-29', 82, 1, 6, 141, 5000, 350),
(224, '2018-03-29', 29, 1, 6, 142, 1000, 234),
(225, '2018-03-29', 94, 1, 6, 143, 2000, 667),
(226, '2018-03-29', 85, 2, 6, 143, 2000, 400),
(227, '2018-03-29', 45, 2, 6, 144, 4000, 1600),
(228, '2018-03-29', 44, 2, 5, 145, 1000, 168),
(229, '2018-03-29', 107, 1, 5, 145, 1000, 360),
(230, '2018-03-29', 97, 1, 5, 146, 500, 250),
(231, '2018-03-29', 47, 1, 5, 146, 3000, 700),
(232, '2018-03-29', 36, 1, 5, 147, 1000, 334),
(233, '2018-03-29', 90, 1, 5, 148, 10000, 700),
(234, '2018-03-29', 36, 1, 5, 149, 1000, 334),
(235, '2018-03-29', 19, 2, 5, 149, 1000, 368),
(236, '2018-03-30', 85, 5, 6, 150, 5000, 1000),
(237, '2018-03-30', 46, 1, 6, 150, 2000, 800),
(238, '2018-03-30', 45, 2, 6, 150, 4000, 1600),
(239, '2018-03-30', 94, 1, 5, 151, 2000, 667),
(240, '2018-03-30', 39, 1, 5, 151, 2000, 750),
(241, '2018-03-30', 106, 6, 5, 151, 3000, 1080),
(242, '2018-03-30', 40, 1, 5, 151, 3000, 875),
(243, '2018-03-30', 44, 1, 5, 152, 500, 84),
(244, '2018-03-30', 39, 1, 5, 152, 2000, 750),
(245, '2018-03-30', 46, 1, 5, 153, 2000, 800),
(246, '2018-03-30', 90, 2, 5, 153, 20000, 1400),
(247, '2018-03-30', 36, 1, 5, 154, 1000, 334),
(248, '2018-03-30', 90, 1, 5, 155, 10000, 700),
(249, '2018-03-30', 85, 2, 5, 155, 2000, 400),
(250, '2018-03-30', 90, 1, 5, 156, 10000, 700),
(251, '2018-03-30', 82, 2, 5, 156, 10000, 700),
(252, '2018-03-30', 82, 1, 5, 157, 5000, 350),
(253, '2018-03-30', 45, 1, 5, 157, 2000, 800),
(254, '2018-03-30', 46, 2, 5, 157, 4000, 1600),
(255, '2018-03-30', 90, 1, 5, 158, 10000, 700),
(256, '2018-03-30', 94, 1, 5, 159, 2000, 667),
(257, '2018-03-30', 70, 2, 5, 159, 2000, 584),
(258, '2018-03-30', 63, 2, 5, 159, 8000, 2000),
(259, '2018-03-30', 91, 1, 5, 160, 1000, 270),
(260, '2018-03-30', 73, 2, 5, 161, 2000, 500),
(261, '2018-03-30', 44, 12, 5, 161, 6000, 1008),
(262, '2018-03-30', 78, 1, 5, 162, 3000, 1334),
(263, '2018-03-30', 90, 2, 5, 162, 20000, 1400),
(264, '2018-03-30', 91, 1, 5, 163, 1000, 270),
(265, '2018-03-30', 78, 1, 5, 163, 3000, 1334),
(266, '2018-03-30', 91, 1, 5, 164, 1000, 270),
(267, '2018-03-30', 50, 1, 5, 165, 5000, 834),
(268, '2018-03-30', 90, 1, 5, 166, 10000, 700),
(269, '2018-03-30', 62, 1, 5, 167, 2000, 167),
(270, '2018-03-30', 39, 1, 5, 167, 2000, 750),
(271, '2018-03-30', 110, 1, 5, 167, 1000, 566),
(272, '2018-03-30', 100, 1, 5, 168, 1000, 542),
(273, '2018-03-30', 83, 1, 5, 168, 5000, 350),
(274, '2018-03-30', 87, 1, 5, 168, 1000, 741),
(275, '2018-03-30', 84, 1, 5, 169, 10000, 700),
(276, '2018-03-30', 19, 2, 5, 170, 1000, 368),
(277, '2018-03-30', 90, 2, 5, 170, 20000, 1400),
(278, '2018-03-31', 21, 1, 5, 171, 2000, 500),
(279, '2018-03-31', 20, 1, 5, 171, 500, 134),
(280, '2018-04-27', 23, 1, 6, 172, 8000, 2000),
(281, '2018-04-27', 22, 1, 6, 172, 2000, 500),
(282, '2018-04-27', 21, 1, 6, 172, 2000, 500),
(283, '2018-04-27', 19, 1, 6, 172, 500, 184),
(284, '2018-04-27', 18, 1, 6, 172, 500, 150);

-- --------------------------------------------------------

--
-- Table structure for table `shop_profile`
--

CREATE TABLE `shop_profile` (
  `id` int(11) NOT NULL,
  `logo` varchar(45) DEFAULT NULL,
  `shop_name` varchar(255) NOT NULL,
  `telephone` varchar(45) DEFAULT NULL,
  `phone_number` varchar(45) DEFAULT NULL,
  `email` varchar(45) DEFAULT NULL,
  `adress` text NOT NULL,
  `key_active` varchar(255) DEFAULT NULL,
  `alert` int(11) DEFAULT '0'
) ENGINE=InnoDB DEFAULT CHARSET=utf8;

--
-- Dumping data for table `shop_profile`
--

INSERT INTO `shop_profile` (`id`, `logo`, `shop_name`, `telephone`, `phone_number`, `email`, `adress`, `key_active`, `alert`) VALUES
(1, '2017042016040619.jpg', 'ຮ້ານ ໄອຊອບ', '020 55045770', '020 55045770', 'daxionginfo@gmail.com', 'Lao', '175313076774795881812531320', 3);

-- --------------------------------------------------------

--
-- Table structure for table `still_pay`
--

CREATE TABLE `still_pay` (
  `id` int(11) NOT NULL,
  `name` varchar(255) NOT NULL,
  `details` text NOT NULL,
  `price` varchar(255) NOT NULL,
  `date` datetime NOT NULL,
  `status` tinyint(1) NOT NULL DEFAULT '1'
) ENGINE=InnoDB DEFAULT CHARSET=utf8;

--
-- Dumping data for table `still_pay`
--

INSERT INTO `still_pay` (`id`, `name`, `details`, `price`, `date`, `status`) VALUES
(2, 'zxzx', 'xzx', '232', '2018-04-27 08:52:03', 0),
(3, 'zxzx', 'sdsadas', '20', '2018-04-27 09:31:12', 0),
(4, 'fdfd', 'fdfd', '200', '2018-04-27 09:49:22', 0),
(5, '​ດາ​ຊົງ', 'ເຂົ້າ​ນົມ+ບັດ ', '100', '2018-04-27 14:05:55', 0),
(6, '​ດາ​ຊົງ', 'ເປບ​ຊີ', '50', '2018-04-27 09:54:32', 0),
(7, 'ດາ​ຊົງ', 'ກກດກດກດກດກ', '2000', '2018-04-27 14:45:53', 1);

-- --------------------------------------------------------

--
-- Table structure for table `user`
--

CREATE TABLE `user` (
  `id` int(11) NOT NULL,
  `photo` varchar(45) DEFAULT NULL,
  `first_name` varchar(255) NOT NULL,
  `last_name` varchar(255) DEFAULT NULL,
  `username` varchar(255) NOT NULL,
  `password` varchar(255) NOT NULL,
  `status` tinyint(4) DEFAULT '1',
  `user_type` enum('Admin','User','POS') NOT NULL,
  `date` date NOT NULL,
  `height_screen` varchar(10) DEFAULT NULL
) ENGINE=InnoDB DEFAULT CHARSET=utf8;

--
-- Dumping data for table `user`
--

INSERT INTO `user` (`id`, `photo`, `first_name`, `last_name`, `username`, `password`, `status`, `user_type`, `date`, `height_screen`) VALUES
(5, 'user_photo.png', 'Da', 'Xiong', 'daxiong', 'da123', 1, 'Admin', '2018-03-22', NULL),
(6, '2018032311034741.jpg', 'Ai', 'Vang', 'pos', '123', 1, 'POS', '2018-04-27', NULL);

--
-- Indexes for dumped tables
--

--
-- Indexes for table `barcode`
--
ALTER TABLE `barcode`
  ADD PRIMARY KEY (`id`),
  ADD KEY `fk_barcode_products1_idx` (`products_id`),
  ADD KEY `fk_barcode_invoice1_idx` (`invoice_id`),
  ADD KEY `fk_barcode_user1_idx` (`user_id`);

--
-- Indexes for table `category`
--
ALTER TABLE `category`
  ADD PRIMARY KEY (`id`);

--
-- Indexes for table `discount`
--
ALTER TABLE `discount`
  ADD PRIMARY KEY (`id`),
  ADD KEY `fk_discount_invoice1_idx` (`invoice_id`);

--
-- Indexes for table `invoice`
--
ALTER TABLE `invoice`
  ADD PRIMARY KEY (`id`),
  ADD KEY `fk_invoice_user1_idx` (`user_id`);

--
-- Indexes for table `products`
--
ALTER TABLE `products`
  ADD PRIMARY KEY (`id`),
  ADD KEY `fk_products_category1_idx` (`category_id`),
  ADD KEY `fk_products_user1_idx` (`user_id`);

--
-- Indexes for table `sale`
--
ALTER TABLE `sale`
  ADD PRIMARY KEY (`id`),
  ADD KEY `fk_sale_products_idx` (`products_id`),
  ADD KEY `fk_sale_user1_idx` (`user_id`),
  ADD KEY `fk_sale_invoice1_idx` (`invoice_id`);

--
-- Indexes for table `shop_profile`
--
ALTER TABLE `shop_profile`
  ADD PRIMARY KEY (`id`);

--
-- Indexes for table `still_pay`
--
ALTER TABLE `still_pay`
  ADD PRIMARY KEY (`id`);

--
-- Indexes for table `user`
--
ALTER TABLE `user`
  ADD PRIMARY KEY (`id`);

--
-- AUTO_INCREMENT for dumped tables
--

--
-- AUTO_INCREMENT for table `barcode`
--
ALTER TABLE `barcode`
  MODIFY `id` int(11) NOT NULL AUTO_INCREMENT;

--
-- AUTO_INCREMENT for table `category`
--
ALTER TABLE `category`
  MODIFY `id` int(11) NOT NULL AUTO_INCREMENT, AUTO_INCREMENT=6;

--
-- AUTO_INCREMENT for table `discount`
--
ALTER TABLE `discount`
  MODIFY `id` int(11) NOT NULL AUTO_INCREMENT, AUTO_INCREMENT=16;

--
-- AUTO_INCREMENT for table `invoice`
--
ALTER TABLE `invoice`
  MODIFY `id` int(11) NOT NULL AUTO_INCREMENT, AUTO_INCREMENT=173;

--
-- AUTO_INCREMENT for table `products`
--
ALTER TABLE `products`
  MODIFY `id` int(11) NOT NULL AUTO_INCREMENT, AUTO_INCREMENT=121;

--
-- AUTO_INCREMENT for table `sale`
--
ALTER TABLE `sale`
  MODIFY `id` int(11) NOT NULL AUTO_INCREMENT, AUTO_INCREMENT=285;

--
-- AUTO_INCREMENT for table `shop_profile`
--
ALTER TABLE `shop_profile`
  MODIFY `id` int(11) NOT NULL AUTO_INCREMENT, AUTO_INCREMENT=2;

--
-- AUTO_INCREMENT for table `still_pay`
--
ALTER TABLE `still_pay`
  MODIFY `id` int(11) NOT NULL AUTO_INCREMENT, AUTO_INCREMENT=8;

--
-- AUTO_INCREMENT for table `user`
--
ALTER TABLE `user`
  MODIFY `id` int(11) NOT NULL AUTO_INCREMENT, AUTO_INCREMENT=7;

--
-- Constraints for dumped tables
--

--
-- Constraints for table `barcode`
--
ALTER TABLE `barcode`
  ADD CONSTRAINT `fk_barcode_invoice1` FOREIGN KEY (`invoice_id`) REFERENCES `invoice` (`id`) ON DELETE NO ACTION ON UPDATE NO ACTION,
  ADD CONSTRAINT `fk_barcode_products1` FOREIGN KEY (`products_id`) REFERENCES `products` (`id`) ON DELETE NO ACTION ON UPDATE NO ACTION,
  ADD CONSTRAINT `fk_barcode_user1` FOREIGN KEY (`user_id`) REFERENCES `user` (`id`) ON DELETE NO ACTION ON UPDATE NO ACTION;

--
-- Constraints for table `discount`
--
ALTER TABLE `discount`
  ADD CONSTRAINT `fk_discount_invoice1` FOREIGN KEY (`invoice_id`) REFERENCES `invoice` (`id`) ON DELETE NO ACTION ON UPDATE NO ACTION;

--
-- Constraints for table `invoice`
--
ALTER TABLE `invoice`
  ADD CONSTRAINT `fk_invoice_user1` FOREIGN KEY (`user_id`) REFERENCES `user` (`id`) ON DELETE NO ACTION ON UPDATE NO ACTION;

--
-- Constraints for table `products`
--
ALTER TABLE `products`
  ADD CONSTRAINT `fk_products_category1` FOREIGN KEY (`category_id`) REFERENCES `category` (`id`) ON DELETE NO ACTION ON UPDATE NO ACTION,
  ADD CONSTRAINT `fk_products_user1` FOREIGN KEY (`user_id`) REFERENCES `user` (`id`) ON DELETE NO ACTION ON UPDATE NO ACTION;

--
-- Constraints for table `sale`
--
ALTER TABLE `sale`
  ADD CONSTRAINT `fk_sale_invoice1` FOREIGN KEY (`invoice_id`) REFERENCES `invoice` (`id`) ON DELETE NO ACTION ON UPDATE NO ACTION,
  ADD CONSTRAINT `fk_sale_products` FOREIGN KEY (`products_id`) REFERENCES `products` (`id`) ON DELETE NO ACTION ON UPDATE NO ACTION,
  ADD CONSTRAINT `fk_sale_user1` FOREIGN KEY (`user_id`) REFERENCES `user` (`id`) ON DELETE NO ACTION ON UPDATE NO ACTION;
COMMIT;

/*!40101 SET CHARACTER_SET_CLIENT=@OLD_CHARACTER_SET_CLIENT */;
/*!40101 SET CHARACTER_SET_RESULTS=@OLD_CHARACTER_SET_RESULTS */;
/*!40101 SET COLLATION_CONNECTION=@OLD_COLLATION_CONNECTION */;
