-- phpMyAdmin SQL Dump
-- version 4.1.6
-- http://www.phpmyadmin.net
--
-- Host: 127.0.0.1
-- Generation Time: Apr 23, 2017 at 07:40 AM
-- Server version: 5.6.16
-- PHP Version: 5.5.9

SET SQL_MODE = "NO_AUTO_VALUE_ON_ZERO";
SET time_zone = "+00:00";


/*!40101 SET @OLD_CHARACTER_SET_CLIENT=@@CHARACTER_SET_CLIENT */;
/*!40101 SET @OLD_CHARACTER_SET_RESULTS=@@CHARACTER_SET_RESULTS */;
/*!40101 SET @OLD_COLLATION_CONNECTION=@@COLLATION_CONNECTION */;
/*!40101 SET NAMES utf8 */;

--
-- Database: `mk_db`
--

-- --------------------------------------------------------

--
-- Table structure for table `barcode`
--

CREATE TABLE IF NOT EXISTS `barcode` (
  `id` int(11) NOT NULL AUTO_INCREMENT,
  `barcode` varchar(45) NOT NULL,
  `status` decimal(10,0) NOT NULL DEFAULT '1',
  `products_id` int(11) NOT NULL,
  `invoice_id` int(11) DEFAULT NULL,
  `user_id` int(11) DEFAULT NULL,
  PRIMARY KEY (`id`),
  KEY `fk_barcode_products1_idx` (`products_id`),
  KEY `fk_barcode_invoice1_idx` (`invoice_id`),
  KEY `fk_barcode_user1_idx` (`user_id`)
) ENGINE=InnoDB  DEFAULT CHARSET=utf8 AUTO_INCREMENT=450 ;

--
-- Dumping data for table `barcode`
--

INSERT INTO `barcode` (`id`, `barcode`, `status`, `products_id`, `invoice_id`, `user_id`) VALUES
(1, '945758514404', '0', 1, 1, 1),
(2, '702491607666', '0', 1, 1, 1),
(3, '700935150146', '0', 1, 1, 1),
(4, '627725860595', '0', 1, 1, 1),
(5, '293719207763', '0', 1, 3, 1),
(6, '596739410400', '0', 1, 3, 1),
(7, '620329437255', '0', 1, 4, 1),
(8, '925501007080', '0', 1, 4, 1),
(9, '641484588623', '0', 1, 4, 1),
(10, '764479400634', '0', 1, 4, 1),
(11, '989206237792', '0', 2, 6, 1),
(12, '648549438476', '0', 2, 6, 1),
(13, '895929260253', '0', 2, 7, 1),
(14, '266904296875', '0', 2, 8, 1),
(15, '232126892089', '0', 2, 9, 1),
(16, '735093139648', '0', 2, 9, 1),
(17, '383892883300', '0', 2, 13, 2),
(18, '525959716796', '0', 2, 16, 1),
(19, '790820983886', '0', 2, 19, 2),
(20, '827847778320', '0', 2, 19, 2),
(21, '507004943847', '0', 2, 20, 2),
(22, '888601074218', '0', 2, 21, 3),
(23, '529038513183', '0', 2, 21, 3),
(24, '344563354492', '0', 2, 21, 3),
(25, '686015441894', '0', 2, 22, 2),
(26, '771578369140', '0', 2, 22, 2),
(27, '420529479980', '1', 2, NULL, NULL),
(28, '255989868164', '1', 2, NULL, NULL),
(29, '338674377441', '1', 2, NULL, NULL),
(30, '370641601562', '1', 2, NULL, NULL),
(31, '548822692871', '0', 3, 6, 1),
(32, '393402221679', '0', 3, 6, 1),
(33, '814596496582', '0', 3, 7, 1),
(34, '639089111328', '0', 3, 9, 1),
(35, '852657409667', '0', 3, 9, 1),
(36, '910922485351', '0', 3, 9, 1),
(37, '490099182128', '0', 3, 9, 1),
(38, '456746093750', '0', 3, 9, 1),
(39, '724515563964', '0', 3, 11, 1),
(40, '463903686523', '0', 3, 13, 2),
(41, '936747009277', '0', 4, 3, 1),
(42, '547705444335', '0', 4, 3, 1),
(43, '517684875488', '0', 4, 3, 1),
(44, '253618896484', '0', 4, 3, 1),
(45, '548534851074', '0', 4, 4, 1),
(46, '664303833007', '0', 4, 4, 1),
(47, '860390686035', '0', 4, 4, 1),
(48, '252604003906', '0', 4, 4, 1),
(49, '894846130371', '0', 4, 4, 1),
(50, '981863159179', '0', 4, 5, 2),
(51, '481994934082', '0', 4, 11, 1),
(52, '548925048828', '0', 4, 12, 1),
(53, '615430847167', '0', 4, 13, 2),
(54, '916133422851', '0', 4, 13, 2),
(55, '351247619628', '0', 4, 16, 1),
(56, '559332031250', '0', 4, 19, 2),
(57, '682039001464', '0', 4, 20, 2),
(58, '663864624023', '0', 4, 20, 2),
(59, '663898742675', '0', 4, 20, 2),
(60, '478574951171', '0', 4, 21, 3),
(61, '393148498535', '0', 5, 9, 1),
(62, '901174316406', '0', 5, 12, 1),
(63, '718728942871', '0', 5, 13, 2),
(64, '369558471679', '0', 5, 13, 2),
(65, '596002746582', '0', 5, 13, 2),
(66, '227745361328', '0', 5, 13, 2),
(67, '245563659667', '0', 5, 13, 2),
(68, '886078735351', '1', 5, NULL, NULL),
(69, '272505432128', '1', 5, NULL, NULL),
(70, '819402343750', '1', 5, NULL, NULL),
(71, '894421813964', '1', 5, NULL, NULL),
(72, '439059936523', '1', 5, NULL, NULL),
(73, '390406555175', '1', 5, NULL, NULL),
(74, '545895263671', '1', 5, NULL, NULL),
(75, '531053405761', '1', 5, NULL, NULL),
(76, '774252075195', '1', 5, NULL, NULL),
(77, '369456115722', '1', 5, NULL, NULL),
(78, '374974121093', '1', 5, NULL, NULL),
(79, '901208435058', '1', 5, NULL, NULL),
(80, '533405151367', '1', 5, NULL, NULL),
(81, '664050109863', '0', 6, 3, 1),
(82, '946968505859', '0', 6, 3, 1),
(83, '331243835449', '0', 6, 3, 1),
(84, '411747192382', '0', 6, 3, 1),
(85, '667943420410', '0', 6, 3, 1),
(86, '993641113281', '0', 6, 4, 1),
(87, '338742614746', '0', 6, 4, 1),
(88, '777994018554', '0', 6, 4, 1),
(89, '725735168457', '0', 6, 5, 2),
(90, '561649658203', '0', 6, 13, 2),
(91, '495514831542', '0', 6, 22, 2),
(92, '760951782226', '0', 6, 22, 2),
(93, '255175354003', '0', 6, 22, 2),
(94, '621744140625', '1', 6, NULL, NULL),
(95, '999310485839', '1', 6, NULL, NULL),
(96, '556370483398', '1', 6, NULL, NULL),
(97, '228013977050', '1', 6, NULL, NULL),
(98, '589674560546', '1', 6, NULL, NULL),
(99, '490879577636', '1', 6, NULL, NULL),
(100, '357000122070', '1', 6, NULL, NULL),
(101, '699725158691', '0', 7, 8, 1),
(102, '997973632812', '0', 7, 9, 1),
(103, '581907165527', '0', 7, 10, 1),
(104, '556521850585', '0', 7, 10, 1),
(105, '696407531738', '0', 7, 10, 1),
(106, '408497802734', '0', 7, 13, 2),
(107, '484820007324', '0', 7, 13, 2),
(108, '964245239257', '0', 7, 16, 1),
(109, '553238342285', '1', 7, NULL, NULL),
(110, '698607910156', '1', 7, NULL, NULL),
(111, '345256286621', '1', 7, NULL, NULL),
(112, '796929565429', '1', 7, NULL, NULL),
(113, '466967590332', '1', 7, NULL, NULL),
(114, '508053955078', '1', 7, NULL, NULL),
(115, '357966003417', '1', 7, NULL, NULL),
(116, '246324829101', '1', 7, NULL, NULL),
(117, '627345275878', '1', 7, NULL, NULL),
(118, '810585937500', '1', 7, NULL, NULL),
(119, '715699157714', '1', 7, NULL, NULL),
(120, '284181030273', '1', 7, NULL, NULL),
(121, '642948303222', '0', 8, 5, 2),
(122, '307653808593', '0', 8, 8, 1),
(123, '882575622558', '0', 8, 9, 1),
(124, '952959838867', '0', 8, 9, 1),
(125, '870646301269', '0', 8, 10, 1),
(126, '627818603515', '0', 8, 10, 1),
(127, '822754089355', '0', 8, 11, 1),
(128, '523573852539', '0', 8, 13, 2),
(129, '570992736816', '0', 8, 22, 2),
(130, '662069335937', '1', 8, NULL, NULL),
(131, '331955993652', '1', 8, NULL, NULL),
(132, '682648803710', '1', 8, NULL, NULL),
(133, '712737609863', '1', 8, NULL, NULL),
(134, '607156005859', '1', 8, NULL, NULL),
(135, '380931335449', '1', 8, NULL, NULL),
(136, '848934692382', '1', 8, NULL, NULL),
(137, '716630920410', '1', 8, NULL, NULL),
(138, '654828613281', '1', 8, NULL, NULL),
(139, '386430114746', '1', 8, NULL, NULL),
(140, '437181518554', '1', 8, NULL, NULL),
(141, '773422668457', '1', 8, NULL, NULL),
(142, '998837158203', '1', 8, NULL, NULL),
(143, '544202331542', '1', 8, NULL, NULL),
(144, '421139282226', '1', 8, NULL, NULL),
(145, '304862854003', '1', 8, NULL, NULL),
(146, '281931640625', '1', 8, NULL, NULL),
(147, '271997985839', '1', 8, NULL, NULL),
(148, '992557983398', '1', 8, NULL, NULL),
(149, '277701477050', '1', 8, NULL, NULL),
(150, '250862060546', '1', 8, NULL, NULL),
(151, '729999450683', '0', 9, 5, 2),
(152, '398461791992', '0', 9, 8, 1),
(153, '983351379394', '0', 9, 9, 1),
(154, '923851806640', '0', 9, 9, 1),
(155, '814240417480', '0', 9, 9, 1),
(156, '503638305664', '0', 9, 11, 1),
(157, '829760314941', '0', 9, 13, 2),
(158, '715665039062', '0', 9, 15, 1),
(159, '469504821777', '0', 9, 15, 1),
(160, '420275756835', '0', 9, 15, 1),
(161, '341567687988', '0', 9, 15, 1),
(162, '417314208984', '0', 9, 15, 1),
(163, '663542663574', '0', 9, 17, 1),
(164, '343124145507', '0', 9, 17, 1),
(165, '490523498535', '0', 9, 18, 1),
(166, '998549316406', '0', 9, 19, 2),
(167, '815103942871', '0', 9, 22, 2),
(168, '466933471679', '0', 9, 22, 2),
(169, '693377746582', '0', 9, 22, 2),
(170, '324120361328', '1', 9, NULL, NULL),
(171, '650749816894', '0', 10, 4, 1),
(172, '832687744140', '0', 10, 9, 1),
(173, '578013854980', '0', 10, 9, 1),
(174, '509849243164', '0', 10, 11, 1),
(175, '689908752441', '0', 10, 11, 1),
(176, '819250976562', '0', 10, 11, 1),
(177, '427028259277', '0', 10, 13, 2),
(178, '620236694335', '0', 10, 17, 1),
(179, '396466125488', '0', 10, 17, 1),
(180, '714650146484', '0', 10, 17, 1),
(181, '815816101074', '0', 10, 18, 1),
(182, '737835083007', '0', 10, 19, 2),
(183, '738171936035', '0', 10, 22, 2),
(184, '713635253906', '1', 10, NULL, NULL),
(185, '385127380371', '1', 10, NULL, NULL),
(186, '278394409179', '1', 10, NULL, NULL),
(187, '360776184082', '1', 10, NULL, NULL),
(188, '233956298828', '1', 10, NULL, NULL),
(189, '882712097167', '1', 10, NULL, NULL),
(190, '989664672851', '1', 10, NULL, NULL),
(191, '229028869628', '1', 10, NULL, NULL),
(192, '243363281250', '1', 10, NULL, NULL),
(193, '949320251464', '1', 10, NULL, NULL),
(194, '736395874023', '1', 10, NULL, NULL),
(195, '542679992675', '1', 10, NULL, NULL),
(196, '939606201171', '1', 10, NULL, NULL),
(197, '779701843261', '1', 10, NULL, NULL),
(198, '489338012695', '1', 10, NULL, NULL),
(199, '715479553222', '1', 10, NULL, NULL),
(200, '962435058593', '1', 10, NULL, NULL),
(201, '958000183105', '0', 11, 9, 1),
(202, '878413696289', '0', 11, 12, 1),
(203, '561176330566', '0', 11, 13, 2),
(204, '484346679687', '0', 11, 13, 2),
(205, '953077087402', '0', 11, 13, 2),
(206, '746363647460', '0', 11, 17, 1),
(207, '412796203613', '0', 11, 17, 1),
(208, '913308349609', '0', 11, 18, 1),
(209, '710927429199', '0', 11, 22, 2),
(210, '620524536132', '1', 11, NULL, NULL),
(211, '901564514160', '1', 11, NULL, NULL),
(212, '669855957031', '1', 11, NULL, NULL),
(213, '425301208496', '1', 11, NULL, NULL),
(214, '695646362304', '1', 11, NULL, NULL),
(215, '667231262207', '1', 11, NULL, NULL),
(216, '722739501953', '1', 11, NULL, NULL),
(217, '292948425292', '1', 11, NULL, NULL),
(218, '387479125976', '1', 11, NULL, NULL),
(219, '683546447753', '1', 11, NULL, NULL),
(220, '490708984375', '1', 11, NULL, NULL),
(221, '365801635742', '0', 12, 14, 1),
(222, '586034973144', '0', 12, 14, 1),
(223, '356629150390', '0', 12, 18, 1),
(224, '272861511230', '0', 12, 18, 1),
(225, '955853149414', '0', 12, 23, 3),
(226, '917318908691', '0', 12, 23, 3),
(227, '634317382812', '0', 12, 23, 3),
(228, '411000915527', '0', 12, 23, 3),
(229, '581365600585', '1', 12, NULL, NULL),
(230, '914001281738', '1', 12, NULL, NULL),
(231, '820841552734', '1', 12, NULL, NULL),
(232, '315913757324', '1', 12, NULL, NULL),
(233, '989088989257', '1', 12, NULL, NULL),
(234, '772832092285', '1', 12, NULL, NULL),
(235, '334951660156', '1', 12, NULL, NULL),
(236, '951350036621', '1', 12, NULL, NULL),
(237, '821773315429', '1', 12, NULL, NULL),
(238, '684561340332', '1', 12, NULL, NULL),
(239, '921397705078', '1', 12, NULL, NULL),
(240, '964059753417', '1', 12, NULL, NULL),
(241, '271168579101', '1', 12, NULL, NULL),
(242, '845939025878', '1', 12, NULL, NULL),
(243, '446929687500', '1', 12, NULL, NULL),
(244, '546792907714', '1', 12, NULL, NULL),
(245, '309024780273', '1', 12, NULL, NULL),
(246, '672715148925', '1', 12, NULL, NULL),
(247, '657297607421', '1', 12, NULL, NULL),
(248, '667299499511', '1', 12, NULL, NULL),
(249, '353091918945', '1', 12, NULL, NULL),
(250, '360639709472', '1', 12, NULL, NULL),
(251, '715064849853', '0', 13, 14, 1),
(252, '888625579833', '0', 13, 14, 1),
(253, '652720977783', '0', 13, 14, 1),
(254, '978706512451', '0', 13, 15, 1),
(255, '828906402587', '1', 13, NULL, NULL),
(256, '445363616943', '1', 13, NULL, NULL),
(257, '780589874267', '1', 13, NULL, NULL),
(258, '575315643310', '1', 13, NULL, NULL),
(259, '438240142822', '1', 13, NULL, NULL),
(260, '712781341552', '1', 13, NULL, NULL),
(261, '890825958251', '1', 13, NULL, NULL),
(262, '589479461669', '1', 13, NULL, NULL),
(263, '514816070556', '1', 13, NULL, NULL),
(264, '329628753662', '1', 13, NULL, NULL),
(265, '400179229736', '1', 13, NULL, NULL),
(266, '440947967529', '1', 13, NULL, NULL),
(267, '476384185791', '1', 13, NULL, NULL),
(268, '268655853271', '1', 13, NULL, NULL),
(269, '280399688720', '1', 13, NULL, NULL),
(270, '321471160888', '1', 13, NULL, NULL),
(271, '932278015136', '0', 14, 15, 1),
(272, '266836059570', '0', 14, 15, 1),
(273, '601774475097', '0', 14, 15, 1),
(274, '667401855468', '0', 14, 15, 1),
(275, '575120544433', '0', 14, 15, 1),
(276, '462176635742', '0', 14, 15, 1),
(277, '683409973144', '0', 14, 15, 1),
(278, '453004150390', '0', 14, 15, 1),
(279, '369236511230', '0', 14, 15, 1),
(280, '276228149414', '0', 14, 15, 1),
(281, '238693908691', '0', 14, 15, 1),
(282, '731692382812', '0', 14, 15, 1),
(283, '508375915527', '1', 14, NULL, NULL),
(284, '678740600585', '1', 14, NULL, NULL),
(285, '235376281738', '1', 14, NULL, NULL),
(286, '917216552734', '1', 14, NULL, NULL),
(287, '412288757324', '1', 14, NULL, NULL),
(288, '310463989257', '1', 14, NULL, NULL),
(289, '869207092285', '1', 14, NULL, NULL),
(290, '431326660156', '1', 14, NULL, NULL),
(291, '964347595214', '0', 15, 15, 1),
(292, '775266967773', '0', 15, 15, 1),
(293, '800144836425', '0', 15, 15, 1),
(294, '833414794921', '0', 15, 15, 1),
(295, '503604187011', '0', 15, 15, 1),
(296, '238084106445', '0', 15, 15, 1),
(297, '682819396972', '1', 15, NULL, NULL),
(298, '565118652343', '1', 15, NULL, NULL),
(299, '776384216308', '1', 15, NULL, NULL),
(300, '676862182617', '1', 15, NULL, NULL),
(301, '618392395019', '1', 15, NULL, NULL),
(302, '594158447265', '1', 15, NULL, NULL),
(303, '425437683105', '1', 15, NULL, NULL),
(304, '732351196289', '1', 15, NULL, NULL),
(305, '803613830566', '1', 15, NULL, NULL),
(306, '338284179687', '1', 15, NULL, NULL),
(307, '419514587402', '1', 15, NULL, NULL),
(308, '600301147460', '1', 15, NULL, NULL),
(309, '655233703613', '1', 15, NULL, NULL),
(310, '767245849609', '1', 15, NULL, NULL),
(311, '953364929199', '1', 15, NULL, NULL),
(312, '475462036132', '1', 15, NULL, NULL),
(313, '367002014160', '1', 15, NULL, NULL),
(314, '523793457031', '1', 15, NULL, NULL),
(315, '668738708496', '1', 15, NULL, NULL),
(316, '549583862304', '1', 15, NULL, NULL),
(317, '910668762207', '1', 15, NULL, NULL),
(318, '577677001953', '1', 15, NULL, NULL),
(319, '535385925292', '1', 15, NULL, NULL),
(320, '242416625976', '1', 15, NULL, NULL),
(321, '925983947753', '1', 15, NULL, NULL),
(322, '345646484375', '1', 15, NULL, NULL),
(323, '747056579589', '1', 15, NULL, NULL),
(324, '522710327148', '1', 15, NULL, NULL),
(325, '607697570800', '1', 15, NULL, NULL),
(326, '798451904296', '1', 15, NULL, NULL),
(327, '723500671386', '1', 15, NULL, NULL),
(328, '809214965820', '1', 15, NULL, NULL),
(329, '926559631347', '1', 15, NULL, NULL),
(330, '579843261718', '1', 15, NULL, NULL),
(331, '657468200683', '1', 15, NULL, NULL),
(332, '520680541992', '1', 15, NULL, NULL),
(333, '523320129394', '1', 15, NULL, NULL),
(334, '656570556640', '1', 15, NULL, NULL),
(335, '742709167480', '1', 15, NULL, NULL),
(336, '624857055664', '1', 15, NULL, NULL),
(337, '368729064941', '1', 15, NULL, NULL),
(338, '449383789062', '1', 15, NULL, NULL),
(339, '396973571777', '1', 15, NULL, NULL),
(340, '541494506835', '1', 15, NULL, NULL),
(341, '656536437988', '1', 15, NULL, NULL),
(342, '926032958984', '1', 15, NULL, NULL),
(343, '590011413574', '1', 15, NULL, NULL),
(344, '464342895507', '1', 15, NULL, NULL),
(345, '805492248535', '1', 15, NULL, NULL),
(346, '731268066406', '1', 15, NULL, NULL),
(347, '742572692871', '1', 15, NULL, NULL),
(348, '587152221679', '1', 15, NULL, NULL),
(349, '232346496582', '1', 15, NULL, NULL),
(350, '833839111328', '1', 15, NULL, NULL),
(351, '270407409667', '1', 15, NULL, NULL),
(352, '328672485351', '1', 15, NULL, NULL),
(353, '684849182128', '1', 15, NULL, NULL),
(354, '650496093750', '1', 15, NULL, NULL),
(355, '918265563964', '1', 15, NULL, NULL),
(356, '657653686523', '1', 15, NULL, NULL),
(357, '803750305175', '1', 15, NULL, NULL),
(358, '375989013671', '1', 15, NULL, NULL),
(359, '555897155761', '1', 15, NULL, NULL),
(360, '992845825195', '1', 15, NULL, NULL),
(361, '782799865722', '1', 15, NULL, NULL),
(362, '980067871093', '1', 15, NULL, NULL),
(363, '925052185058', '1', 15, NULL, NULL),
(364, '752998901367', '1', 15, NULL, NULL),
(365, '815747863769', '1', 15, NULL, NULL),
(366, '330482666015', '1', 15, NULL, NULL),
(367, '670480651855', '1', 15, NULL, NULL),
(368, '905862915039', '1', 15, NULL, NULL),
(369, '321344299316', '1', 15, NULL, NULL),
(370, '947983398437', '1', 15, NULL, NULL),
(371, '762932556152', '1', 15, NULL, NULL),
(372, '870187866210', '1', 15, NULL, NULL),
(373, '270339172363', '1', 15, NULL, NULL),
(374, '697320068359', '1', 15, NULL, NULL),
(375, '616157897949', '1', 15, NULL, NULL),
(376, '842723754882', '1', 15, NULL, NULL),
(377, '855482482910', '1', 15, NULL, NULL),
(378, '551242675781', '1', 15, NULL, NULL),
(379, '429906677246', '1', 15, NULL, NULL),
(380, '237220581054', '1', 15, NULL, NULL),
(381, '719524230957', '1', 15, NULL, NULL),
(382, '701501220703', '1', 15, NULL, NULL),
(383, '392928894042', '1', 15, NULL, NULL),
(384, '803428344726', '1', 15, NULL, NULL),
(385, '831214416503', '1', 15, NULL, NULL),
(386, '566845703125', '1', 15, NULL, NULL),
(387, '702974548339', '1', 15, NULL, NULL),
(388, '404097045898', '1', 15, NULL, NULL),
(389, '610303039550', '1', 15, NULL, NULL),
(390, '341026123046', '1', 15, NULL, NULL),
(391, '573461730957', '0', 1, 16, 1),
(392, '943938720703', '0', 1, 16, 1),
(393, '247866394042', '0', 1, 17, 1),
(394, '269865844726', '0', 1, 20, 2),
(395, '686151916503', '0', 1, 20, 2),
(396, '809283203125', '0', 1, 20, 2),
(397, '556912048339', '1', 1, NULL, NULL),
(398, '647534545898', '1', 1, NULL, NULL),
(399, '465240539550', '1', 1, NULL, NULL),
(400, '583463623046', '1', 1, NULL, NULL),
(401, '629731140136', '1', 1, NULL, NULL),
(402, '254414184570', '1', 1, NULL, NULL),
(403, '880477600097', '1', 1, NULL, NULL),
(404, '460229980468', '1', 1, NULL, NULL),
(405, '660073669433', '1', 1, NULL, NULL),
(406, '838254760742', '1', 1, NULL, NULL),
(407, '574613098144', '1', 1, NULL, NULL),
(408, '635332275390', '1', 1, NULL, NULL),
(409, '842689636230', '1', 1, NULL, NULL),
(410, '264806274414', '1', 1, NULL, NULL),
(411, '892509277343', '0', 4, 21, 3),
(412, '231399841308', '1', 4, NULL, NULL),
(413, '809502807617', '1', 4, NULL, NULL),
(414, '654658020019', '1', 4, NULL, NULL),
(415, '533049072265', '1', 4, NULL, NULL),
(416, '267953308105', '1', 4, NULL, NULL),
(417, '477491821289', '1', 4, NULL, NULL),
(418, '452379455566', '1', 4, NULL, NULL),
(419, '665674804687', '1', 4, NULL, NULL),
(420, '304218933105', '1', 3, NULL, 3),
(421, '417382446289', '1', 3, NULL, 3),
(422, '294895080566', '0', 3, 23, 3),
(423, '411815429687', '0', 3, 23, 3),
(424, '298295837402', '0', 3, 23, 3),
(425, '285332397460', '1', 3, NULL, NULL),
(426, '922514953613', '1', 3, NULL, NULL),
(427, '840777099609', '1', 3, NULL, NULL),
(428, '831146179199', '1', 3, NULL, NULL),
(429, '936493286132', '1', 3, NULL, NULL),
(430, '634283264160', '1', 3, NULL, NULL),
(431, '596324707031', '1', 3, NULL, NULL),
(432, '547519958496', '1', 3, NULL, NULL),
(433, '234615112304', '1', 3, NULL, NULL),
(434, '401950012207', '1', 3, NULL, NULL),
(435, '649208251953', '1', 3, NULL, NULL),
(436, '414167175292', '1', 3, NULL, NULL),
(437, '703447875976', '1', 3, NULL, NULL),
(438, '416265197753', '1', 3, NULL, NULL),
(439, '418177734375', '1', 3, NULL, NULL),
(440, '626837829589', '1', 3, NULL, NULL),
(441, '983741577148', '1', 3, NULL, NULL),
(442, '874978820800', '1', 3, NULL, NULL),
(443, '871983154296', '1', 3, NULL, NULL),
(444, '602281921386', '1', 3, NULL, NULL),
(445, '494246215820', '1', 3, NULL, NULL),
(446, '416840881347', '1', 3, NULL, NULL),
(447, '651374511718', '1', 3, NULL, NULL),
(448, '535249450683', '1', 3, NULL, NULL),
(449, '980711791992', '1', 3, NULL, NULL);

-- --------------------------------------------------------

--
-- Table structure for table `category`
--

CREATE TABLE IF NOT EXISTS `category` (
  `id` int(11) NOT NULL AUTO_INCREMENT,
  `name` varchar(255) NOT NULL,
  `date` date NOT NULL,
  PRIMARY KEY (`id`)
) ENGINE=InnoDB  DEFAULT CHARSET=utf8 AUTO_INCREMENT=5 ;

--
-- Dumping data for table `category`
--

INSERT INTO `category` (`id`, `name`, `date`) VALUES
(1, 'ເຄື່ອງດື່ມ', '2017-04-21'),
(2, 'ເຂົ້າ​ໝົມ', '2017-04-21'),
(3, '​ສະ​ບູ', '2017-04-21'),
(4, '​ເຄື່ອງ​ກີນ', '2017-04-21');

-- --------------------------------------------------------

--
-- Table structure for table `discount`
--

CREATE TABLE IF NOT EXISTS `discount` (
  `id` int(11) NOT NULL AUTO_INCREMENT,
  `discount` int(100) NOT NULL,
  `invoice_id` int(11) NOT NULL,
  PRIMARY KEY (`id`),
  KEY `fk_discount_invoice1_idx` (`invoice_id`)
) ENGINE=InnoDB  DEFAULT CHARSET=utf8 AUTO_INCREMENT=6 ;

--
-- Dumping data for table `discount`
--

INSERT INTO `discount` (`id`, `discount`, `invoice_id`) VALUES
(1, 7000, 5),
(2, 14000, 12),
(3, 88000, 13),
(4, 26000, 19),
(5, 43000, 22);

-- --------------------------------------------------------

--
-- Table structure for table `invoice`
--

CREATE TABLE IF NOT EXISTS `invoice` (
  `id` int(11) NOT NULL AUTO_INCREMENT,
  `code` varchar(45) NOT NULL,
  `full_name` varchar(255) DEFAULT NULL,
  `phone` varchar(45) DEFAULT NULL,
  `date` date NOT NULL,
  `user_id` int(11) DEFAULT NULL,
  PRIMARY KEY (`id`),
  KEY `fk_invoice_user1_idx` (`user_id`)
) ENGINE=InnoDB  DEFAULT CHARSET=utf8 AUTO_INCREMENT=24 ;

--
-- Dumping data for table `invoice`
--

INSERT INTO `invoice` (`id`, `code`, `full_name`, `phone`, `date`, `user_id`) VALUES
(1, '00000001', NULL, NULL, '2017-04-20', 1),
(2, '00000002', NULL, NULL, '2017-04-21', 1),
(3, '00000003', NULL, NULL, '2017-04-21', 1),
(4, '00000004', NULL, NULL, '2017-04-21', 1),
(5, '00000005', NULL, NULL, '2017-04-21', 2),
(6, '00000006', NULL, NULL, '2017-04-21', 1),
(7, '00000007', NULL, NULL, '2017-04-21', 1),
(8, '00000008', NULL, NULL, '2017-04-21', 1),
(9, '00000009', NULL, NULL, '2017-04-21', 1),
(10, '00000010', NULL, NULL, '2017-04-21', 1),
(11, '00000011', NULL, NULL, '2017-04-21', 1),
(12, '00000012', NULL, NULL, '2017-04-21', 1),
(13, '00000013', NULL, NULL, '2017-04-21', 2),
(14, '00000014', NULL, NULL, '2017-04-21', 1),
(15, '00000015', NULL, NULL, '2017-04-21', 1),
(16, '00000016', NULL, NULL, '2017-04-21', 1),
(17, '00000017', NULL, NULL, '2017-04-22', 1),
(18, '00000018', NULL, NULL, '2017-04-22', 1),
(19, '00000019', NULL, NULL, '2017-04-22', 2),
(20, '00000020', NULL, NULL, '2017-04-22', 2),
(21, '00000021', NULL, NULL, '2017-04-23', 3),
(22, '00000022', NULL, NULL, '2017-04-23', 2),
(23, '00000023', NULL, NULL, '2017-04-23', 3);

-- --------------------------------------------------------

--
-- Table structure for table `products`
--

CREATE TABLE IF NOT EXISTS `products` (
  `id` int(11) NOT NULL AUTO_INCREMENT,
  `name` varchar(255) NOT NULL,
  `qautity` int(11) NOT NULL,
  `date` date DEFAULT NULL,
  `pricesale` varchar(40) NOT NULL,
  `pricebuy` varchar(40) NOT NULL,
  `image` varchar(45) DEFAULT NULL,
  `category_id` int(11) NOT NULL,
  `user_id` int(11) NOT NULL,
  PRIMARY KEY (`id`),
  KEY `fk_products_category1_idx` (`category_id`),
  KEY `fk_products_user1_idx` (`user_id`)
) ENGINE=InnoDB  DEFAULT CHARSET=utf8 AUTO_INCREMENT=16 ;

--
-- Dumping data for table `products`
--

INSERT INTO `products` (`id`, `name`, `qautity`, `date`, `pricesale`, `pricebuy`, `image`, `category_id`, `user_id`) VALUES
(1, 'Beer lao ແກ້ວ​ໃຫຍ່', 14, '2017-04-21', '10000', '8000', '2017042108045841.jpg', 1, 1),
(2, 'Beer lao ແກ້ວໜ້ອຍ', 4, '2017-04-21', '7000', '6000', '2017042108043942.jpg', 1, 1),
(3, 'Beer ດຳແກ້ວໜ້ອຍ', 27, '2017-04-21', '9000', '6000', '2017042108043944.png', 1, 1),
(4, 'TUBORG', 8, '2017-04-21', '9000', '6000', '2017042108043946.jpg', 1, 1),
(5, 'ໂສ​ດາ​ລາວ', 13, '2017-04-21', '5000', '3000', '2017042108043548.png', 1, 1),
(6, 'ເປບ​ຊີ​ຕ​ຸກ', 2, '2017-04-21', '5000', '3000', '2017042108041450.jpeg', 1, 1),
(7, 'Beer namkong', 12, '2017-04-21', '8000', '6000', '2017042108043451.jpg', 1, 1),
(8, 'Beer ປ່ອງ​ກາງ', 21, '2017-04-21', '5000', '3000', '2017042108041354.jpg', 1, 1),
(9, 'ນ່ຳ​ດີ້ມ​ຫົວ​ເສືອ​ກາງ', 1, '2017-04-21', '3000', '2000', '2017042108041157.gif', 1, 1),
(10, 'Supermarket Wine', 17, '2017-04-21', '400000', '200000', '2017042109045205.jpg', 1, 1),
(11, 'Vine Wine', 11, '2017-04-21', '600000', '400000', '2017042109044307.jpg', 1, 1),
(12, 'ເຂົ້າ​ຫນົມ​ອົມ', 22, '2017-04-21', '30000', '15000', '2017042110041046.jpg', 2, 1),
(13, 'ກະ​ແລມ', 16, '2017-04-21', '7000', '5000', '2017042110042850.jpg', 2, 1),
(14, 'ເຂົ້າ​ຫນົມ​ Chocole', 8, '2017-04-21', '15000', '1000', '2017042110041254.jpg', 2, 1),
(15, 'ເຂົ້າ​ຫນົມ​ Nuggets', 94, '2017-04-21', '1000', '500', '2017042110040356.jpg', 2, 1);

-- --------------------------------------------------------

--
-- Table structure for table `sale`
--

CREATE TABLE IF NOT EXISTS `sale` (
  `id` int(11) NOT NULL AUTO_INCREMENT,
  `date` date NOT NULL,
  `products_id` int(11) NOT NULL,
  `qautity` int(11) NOT NULL,
  `user_id` int(11) NOT NULL,
  `invoice_id` int(11) NOT NULL,
  `price` int(11) NOT NULL,
  PRIMARY KEY (`id`),
  KEY `fk_sale_products_idx` (`products_id`),
  KEY `fk_sale_user1_idx` (`user_id`),
  KEY `fk_sale_invoice1_idx` (`invoice_id`)
) ENGINE=InnoDB  DEFAULT CHARSET=utf8 AUTO_INCREMENT=87 ;

--
-- Dumping data for table `sale`
--

INSERT INTO `sale` (`id`, `date`, `products_id`, `qautity`, `user_id`, `invoice_id`, `price`) VALUES
(1, '2017-04-20', 1, 4, 1, 1, 40000),
(5, '2017-04-21', 1, 2, 1, 3, 20000),
(6, '2017-04-21', 4, 4, 1, 3, 36000),
(7, '2017-04-21', 6, 5, 1, 3, 25000),
(8, '2017-04-21', 1, 4, 1, 4, 40000),
(9, '2017-04-21', 4, 5, 1, 4, 45000),
(10, '2017-04-21', 6, 3, 1, 4, 15000),
(11, '2017-04-21', 10, 1, 1, 4, 400000),
(12, '2017-04-21', 4, 1, 2, 5, 9000),
(13, '2017-04-21', 8, 1, 2, 5, 5000),
(14, '2017-04-21', 9, 1, 2, 5, 3000),
(15, '2017-04-21', 6, 1, 2, 5, 5000),
(16, '2017-04-21', 2, 2, 1, 6, 14000),
(17, '2017-04-21', 3, 2, 1, 6, 18000),
(18, '2017-04-21', 2, 1, 1, 7, 7000),
(19, '2017-04-21', 3, 1, 1, 7, 9000),
(20, '2017-04-21', 2, 1, 1, 8, 7000),
(21, '2017-04-21', 8, 1, 1, 8, 5000),
(22, '2017-04-21', 9, 1, 1, 8, 3000),
(23, '2017-04-21', 7, 1, 1, 8, 8000),
(24, '2017-04-21', 7, 1, 1, 9, 8000),
(25, '2017-04-21', 8, 2, 1, 9, 10000),
(26, '2017-04-21', 9, 3, 1, 9, 9000),
(27, '2017-04-21', 10, 2, 1, 9, 800000),
(28, '2017-04-21', 11, 1, 1, 9, 600000),
(29, '2017-04-21', 5, 1, 1, 9, 5000),
(30, '2017-04-21', 2, 2, 1, 9, 14000),
(31, '2017-04-21', 3, 5, 1, 9, 45000),
(32, '2017-04-21', 7, 3, 1, 10, 24000),
(33, '2017-04-21', 8, 2, 1, 10, 10000),
(34, '2017-04-21', 8, 1, 1, 11, 5000),
(35, '2017-04-21', 9, 1, 1, 11, 3000),
(36, '2017-04-21', 10, 3, 1, 11, 1200000),
(37, '2017-04-21', 4, 1, 1, 11, 9000),
(38, '2017-04-21', 3, 1, 1, 11, 9000),
(39, '2017-04-21', 4, 1, 1, 12, 9000),
(40, '2017-04-21', 5, 1, 1, 12, 5000),
(41, '2017-04-21', 11, 1, 1, 12, 600000),
(42, '2017-04-21', 3, 1, 2, 13, 9000),
(43, '2017-04-21', 4, 2, 2, 13, 18000),
(44, '2017-04-21', 5, 5, 2, 13, 25000),
(45, '2017-04-21', 11, 3, 2, 13, 1800000),
(46, '2017-04-21', 7, 2, 2, 13, 16000),
(47, '2017-04-21', 8, 1, 2, 13, 5000),
(48, '2017-04-21', 9, 1, 2, 13, 3000),
(49, '2017-04-21', 10, 1, 2, 13, 400000),
(50, '2017-04-21', 2, 1, 2, 13, 7000),
(51, '2017-04-21', 6, 1, 2, 13, 5000),
(52, '2017-04-21', 13, 3, 1, 14, 21000),
(53, '2017-04-21', 12, 2, 1, 14, 60000),
(54, '2017-04-21', 13, 1, 1, 15, 7000),
(55, '2017-04-21', 15, 6, 1, 15, 6000),
(56, '2017-04-21', 14, 12, 1, 15, 180000),
(57, '2017-04-21', 9, 5, 1, 15, 15000),
(58, '2017-04-21', 2, 1, 1, 16, 7000),
(59, '2017-04-21', 4, 1, 1, 16, 9000),
(60, '2017-04-21', 7, 1, 1, 16, 8000),
(61, '2017-04-21', 1, 2, 1, 16, 20000),
(62, '2017-04-22', 9, 2, 1, 17, 6000),
(63, '2017-04-22', 10, 3, 1, 17, 1200000),
(64, '2017-04-22', 11, 2, 1, 17, 1200000),
(65, '2017-04-22', 1, 1, 1, 17, 10000),
(66, '2017-04-22', 12, 2, 1, 18, 60000),
(67, '2017-04-22', 11, 1, 1, 18, 600000),
(68, '2017-04-22', 10, 1, 1, 18, 400000),
(69, '2017-04-22', 9, 1, 1, 18, 3000),
(70, '2017-04-22', 2, 2, 2, 19, 14000),
(71, '2017-04-22', 4, 1, 2, 19, 9000),
(72, '2017-04-22', 10, 1, 2, 19, 400000),
(73, '2017-04-22', 9, 1, 2, 19, 3000),
(74, '2017-04-22', 1, 3, 2, 20, 30000),
(75, '2017-04-22', 2, 1, 2, 20, 7000),
(76, '2017-04-22', 4, 3, 2, 20, 27000),
(77, '2017-04-23', 2, 3, 3, 21, 21000),
(78, '2017-04-23', 4, 2, 3, 21, 18000),
(79, '2017-04-23', 2, 2, 2, 22, 14000),
(80, '2017-04-23', 6, 3, 2, 22, 15000),
(81, '2017-04-23', 11, 1, 2, 22, 600000),
(82, '2017-04-23', 10, 1, 2, 22, 400000),
(83, '2017-04-23', 9, 3, 2, 22, 9000),
(84, '2017-04-23', 8, 1, 2, 22, 5000),
(85, '2017-04-23', 3, 3, 3, 23, 27000),
(86, '2017-04-23', 12, 4, 3, 23, 120000);

-- --------------------------------------------------------

--
-- Table structure for table `shop_profile`
--

CREATE TABLE IF NOT EXISTS `shop_profile` (
  `id` int(11) NOT NULL AUTO_INCREMENT,
  `logo` varchar(45) DEFAULT NULL,
  `shop_name` varchar(255) NOT NULL,
  `telephone` varchar(45) DEFAULT NULL,
  `phone_number` varchar(45) DEFAULT NULL,
  `email` varchar(45) DEFAULT NULL,
  `adress` text NOT NULL,
  PRIMARY KEY (`id`)
) ENGINE=InnoDB  DEFAULT CHARSET=utf8 AUTO_INCREMENT=2 ;

--
-- Dumping data for table `shop_profile`
--

INSERT INTO `shop_profile` (`id`, `logo`, `shop_name`, `telephone`, `phone_number`, `email`, `adress`) VALUES
(1, '2017042016040619.jpg', 'HMSOFTWARE', '020 55045770', '020 55045770', 'daxionginfo@gmail.com', 'Lao');

-- --------------------------------------------------------

--
-- Table structure for table `user`
--

CREATE TABLE IF NOT EXISTS `user` (
  `id` int(11) NOT NULL AUTO_INCREMENT,
  `photo` varchar(45) DEFAULT NULL,
  `first_name` varchar(255) NOT NULL,
  `last_name` varchar(255) DEFAULT NULL,
  `username` varchar(255) NOT NULL,
  `password` varchar(255) NOT NULL,
  `status` tinyint(4) DEFAULT '1',
  `user_type` enum('Admin','User','POS') NOT NULL,
  `date` date NOT NULL,
  `height_screen` varchar(10) DEFAULT NULL,
  PRIMARY KEY (`id`)
) ENGINE=InnoDB  DEFAULT CHARSET=utf8 AUTO_INCREMENT=4 ;

--
-- Dumping data for table `user`
--

INSERT INTO `user` (`id`, `photo`, `first_name`, `last_name`, `username`, `password`, `status`, `user_type`, `date`, `height_screen`) VALUES
(1, '2017042016044316.jpg', 'Daxiong', 'Songyangcheng', 'daxiong', 'da123', 1, 'Admin', '2017-04-20', NULL),
(2, '2017042109041319.jpg', 'POS', '', 'pos', '123', 1, 'POS', '2017-04-21', NULL),
(3, '2017042204040547.jpg', 'User', '', 'user', '123', 1, 'User', '2017-04-22', NULL);

--
-- Constraints for dumped tables
--

--
-- Constraints for table `barcode`
--
ALTER TABLE `barcode`
  ADD CONSTRAINT `fk_barcode_invoice1` FOREIGN KEY (`invoice_id`) REFERENCES `invoice` (`id`) ON DELETE NO ACTION ON UPDATE NO ACTION,
  ADD CONSTRAINT `fk_barcode_products1` FOREIGN KEY (`products_id`) REFERENCES `products` (`id`) ON DELETE NO ACTION ON UPDATE NO ACTION,
  ADD CONSTRAINT `fk_barcode_user1` FOREIGN KEY (`user_id`) REFERENCES `user` (`id`) ON DELETE NO ACTION ON UPDATE NO ACTION;

--
-- Constraints for table `discount`
--
ALTER TABLE `discount`
  ADD CONSTRAINT `fk_discount_invoice1` FOREIGN KEY (`invoice_id`) REFERENCES `invoice` (`id`) ON DELETE NO ACTION ON UPDATE NO ACTION;

--
-- Constraints for table `invoice`
--
ALTER TABLE `invoice`
  ADD CONSTRAINT `fk_invoice_user1` FOREIGN KEY (`user_id`) REFERENCES `user` (`id`) ON DELETE NO ACTION ON UPDATE NO ACTION;

--
-- Constraints for table `products`
--
ALTER TABLE `products`
  ADD CONSTRAINT `fk_products_category1` FOREIGN KEY (`category_id`) REFERENCES `category` (`id`) ON DELETE NO ACTION ON UPDATE NO ACTION,
  ADD CONSTRAINT `fk_products_user1` FOREIGN KEY (`user_id`) REFERENCES `user` (`id`) ON DELETE NO ACTION ON UPDATE NO ACTION;

--
-- Constraints for table `sale`
--
ALTER TABLE `sale`
  ADD CONSTRAINT `fk_sale_invoice1` FOREIGN KEY (`invoice_id`) REFERENCES `invoice` (`id`) ON DELETE NO ACTION ON UPDATE NO ACTION,
  ADD CONSTRAINT `fk_sale_products` FOREIGN KEY (`products_id`) REFERENCES `products` (`id`) ON DELETE NO ACTION ON UPDATE NO ACTION,
  ADD CONSTRAINT `fk_sale_user1` FOREIGN KEY (`user_id`) REFERENCES `user` (`id`) ON DELETE NO ACTION ON UPDATE NO ACTION;

/*!40101 SET CHARACTER_SET_CLIENT=@OLD_CHARACTER_SET_CLIENT */;
/*!40101 SET CHARACTER_SET_RESULTS=@OLD_CHARACTER_SET_RESULTS */;
/*!40101 SET COLLATION_CONNECTION=@OLD_COLLATION_CONNECTION */;
